[NX v20.8.2 Daemon Server] - 2025-10-22T10:44:47.876Z - Started listening on: /private/var/folders/_n/gnnllg2n3qn46ptfbf7_0lrr0000gn/T/833631dd753f480f2750/d.sock
[NX v20.8.2 Daemon Server] - 2025-10-22T10:44:47.878Z - [WATCHER]: Subscribed to changes within: /Users/antonmazhuto/Documents/Work/cere-network/cere-ddc-sdk-js (native)
[NX v20.8.2 Daemon Server] - 2025-10-22T10:44:47.884Z - Established a connection. Number of open connections: 1
[NX v20.8.2 Daemon Server] - 2025-10-22T10:44:47.885Z - Established a connection. Number of open connections: 2
[NX v20.8.2 Daemon Server] - 2025-10-22T10:44:47.886Z - Closed a connection. Number of open connections: 1
[NX v20.8.2 Daemon Server] - 2025-10-22T10:44:47.887Z - [REQUEST]: Responding to the client. Shutdown initiated
[NX v20.8.2 Daemon Server] - 2025-10-22T10:44:47.887Z - Done responding to the client Shutdown initiated
[NX v20.8.2 Daemon Server] - 2025-10-22T10:44:47.887Z - Handled FORCE_SHUTDOWN. Handling time: 0. Response time: 0.
[NX v20.8.2 Daemon Server] - 2025-10-22T10:44:47.889Z - [WATCHER]: Stopping the watcher for /Users/antonmazhuto/Documents/Work/cere-network/cere-ddc-sdk-js (sources)
[NX v20.8.2 Daemon Server] - 2025-10-22T10:44:47.889Z - Closed a connection. Number of open connections: 0
[NX v20.8.2 Daemon Server] - 2025-10-22T10:44:47.890Z - [WATCHER]: Stopping the watcher for /Users/antonmazhuto/Documents/Work/cere-network/cere-ddc-sdk-js (outputs)
[NX v20.8.2 Daemon Server] - 2025-10-22T10:44:47.890Z - Server stopped because: "Request to shutdown"
[NX v20.8.2 Daemon Server] - 2025-10-22T10:45:06.503Z - Started listening on: /private/var/folders/_n/gnnllg2n3qn46ptfbf7_0lrr0000gn/T/833631dd753f480f2750/d.sock
[NX v20.8.2 Daemon Server] - 2025-10-22T10:45:06.506Z - [WATCHER]: Subscribed to changes within: /Users/antonmazhuto/Documents/Work/cere-network/cere-ddc-sdk-js (native)
[NX v20.8.2 Daemon Server] - 2025-10-22T10:45:06.512Z - Established a connection. Number of open connections: 1
[NX v20.8.2 Daemon Server] - 2025-10-22T10:45:06.513Z - Established a connection. Number of open connections: 2
[NX v20.8.2 Daemon Server] - 2025-10-22T10:45:06.513Z - Closed a connection. Number of open connections: 1
[NX v20.8.2 Daemon Server] - 2025-10-22T10:45:06.514Z - [REQUEST]: Client Request for Project Graph Received
[NX v20.8.2 Daemon Server] - 2025-10-22T10:45:06.522Z - [REQUEST]: Updated workspace context based on watched changes, recomputing project graph...
[NX v20.8.2 Daemon Server] - 2025-10-22T10:45:06.522Z - [REQUEST]: 
[NX v20.8.2 Daemon Server] - 2025-10-22T10:45:06.522Z - [REQUEST]: 
[NX v20.8.2 Daemon Server] - 2025-10-22T10:45:06.602Z - [SYNC]: collect registered sync generators
[NX v20.8.2 Daemon Server] - 2025-10-22T10:45:06.602Z - [REQUEST]: Responding to the client. project-graph
[NX v20.8.2 Daemon Server] - 2025-10-22T10:45:06.603Z - Time taken for 'total for creating and serializing project graph' 88.238209ms
[NX v20.8.2 Daemon Server] - 2025-10-22T10:45:06.604Z - [WATCHER]: Processing file changes in outputs
[NX v20.8.2 Daemon Server] - 2025-10-22T10:45:06.605Z - Done responding to the client project-graph
[NX v20.8.2 Daemon Server] - 2025-10-22T10:45:06.605Z - Handled REQUEST_PROJECT_GRAPH. Handling time: 88. Response time: 3.
[NX v20.8.2 Daemon Server] - 2025-10-22T10:45:06.610Z - [REQUEST]: Responding to the client. handleContextFileData
[NX v20.8.2 Daemon Server] - 2025-10-22T10:45:06.610Z - Done responding to the client handleContextFileData
[NX v20.8.2 Daemon Server] - 2025-10-22T10:45:06.610Z - Handled GET_CONTEXT_FILE_DATA. Handling time: 0. Response time: 0.
[NX v20.8.2 Daemon Server] - 2025-10-22T10:45:06.686Z - [REQUEST]: Client Request for Project Graph Received
[NX v20.8.2 Daemon Server] - 2025-10-22T10:45:06.686Z - [REQUEST]: Responding to the client. project-graph
[NX v20.8.2 Daemon Server] - 2025-10-22T10:45:06.687Z - Time taken for 'total for creating and serializing project graph' 0.20816699999994626ms
[NX v20.8.2 Daemon Server] - 2025-10-22T10:45:06.688Z - Done responding to the client project-graph
[NX v20.8.2 Daemon Server] - 2025-10-22T10:45:06.688Z - Handled REQUEST_PROJECT_GRAPH. Handling time: 0. Response time: 2.
[NX v20.8.2 Daemon Server] - 2025-10-22T10:45:06.692Z - [REQUEST]: Responding to the client. handleRunPreTasksExecution
[NX v20.8.2 Daemon Server] - 2025-10-22T10:45:06.692Z - Done responding to the client handleRunPreTasksExecution
[NX v20.8.2 Daemon Server] - 2025-10-22T10:45:06.692Z - Handled PRE_TASKS_EXECUTION. Handling time: 0. Response time: 0.
[NX v20.8.2 Daemon Server] - 2025-10-22T10:45:06.692Z - Time taken for 'preTasksExecution' 0.2373749999999859ms
[NX v20.8.2 Daemon Server] - 2025-10-22T10:45:06.732Z - [REQUEST]: Responding to the client. handleHashTasks
[NX v20.8.2 Daemon Server] - 2025-10-22T10:45:06.732Z - Done responding to the client handleHashTasks
[NX v20.8.2 Daemon Server] - 2025-10-22T10:45:06.732Z - Handled HASH_TASKS. Handling time: 11. Response time: 0.
[NX v20.8.2 Daemon Server] - 2025-10-22T10:45:06.793Z - [REQUEST]: Responding to the client. handleGetEstimatedTaskTimings
[NX v20.8.2 Daemon Server] - 2025-10-22T10:45:06.794Z - Done responding to the client handleGetEstimatedTaskTimings
[NX v20.8.2 Daemon Server] - 2025-10-22T10:45:06.794Z - Handled GET_ESTIMATED_TASK_TIMINGS. Handling time: 17. Response time: 1.
[NX v20.8.2 Daemon Server] - 2025-10-22T10:45:11.092Z - [REQUEST]: Responding to the client. recordOutputsHash
[NX v20.8.2 Daemon Server] - 2025-10-22T10:45:11.092Z - Done responding to the client recordOutputsHash
[NX v20.8.2 Daemon Server] - 2025-10-22T10:45:11.092Z - Handled RECORD_OUTPUTS_HASH. Handling time: 4. Response time: 0.
[NX v20.8.2 Daemon Server] - 2025-10-22T10:45:11.094Z - [REQUEST]: Responding to the client. handleRecordTaskRuns
[NX v20.8.2 Daemon Server] - 2025-10-22T10:45:11.094Z - Done responding to the client handleRecordTaskRuns
[NX v20.8.2 Daemon Server] - 2025-10-22T10:45:11.094Z - Handled RECORD_TASK_RUNS. Handling time: 0. Response time: 0.
[NX v20.8.2 Daemon Server] - 2025-10-22T10:45:11.095Z - [REQUEST]: Responding to the client. handleGetFlakyTasks
[NX v20.8.2 Daemon Server] - 2025-10-22T10:45:11.095Z - Done responding to the client handleGetFlakyTasks
[NX v20.8.2 Daemon Server] - 2025-10-22T10:45:11.095Z - Handled GET_FLAKY_TASKS. Handling time: 0. Response time: 0.
[NX v20.8.2 Daemon Server] - 2025-10-22T10:45:11.096Z - [REQUEST]: Responding to the client. handleRunPostTasksExecution
[NX v20.8.2 Daemon Server] - 2025-10-22T10:45:11.096Z - Done responding to the client handleRunPostTasksExecution
[NX v20.8.2 Daemon Server] - 2025-10-22T10:45:11.096Z - Handled POST_TASKS_EXECUTION. Handling time: 0. Response time: 0.
[NX v20.8.2 Daemon Server] - 2025-10-22T10:45:11.096Z - Time taken for 'postTasksExecution' 0.09141699999963748ms
[NX v20.8.2 Daemon Server] - 2025-10-22T10:45:11.101Z - Closed a connection. Number of open connections: 0
[NX v20.8.2 Daemon Server] - 2025-10-22T10:46:06.314Z - [WATCHER]: packages/blockchain/package.json was modified
[NX v20.8.2 Daemon Server] - 2025-10-22T10:46:06.315Z - [WATCHER]: Processing file changes in outputs
[NX v20.8.2 Daemon Server] - 2025-10-22T10:46:06.417Z - [REQUEST]: Updated workspace context based on watched changes, recomputing project graph...
[NX v20.8.2 Daemon Server] - 2025-10-22T10:46:06.417Z - [REQUEST]: packages/blockchain/package.json
[NX v20.8.2 Daemon Server] - 2025-10-22T10:46:06.417Z - [REQUEST]: 
[NX v20.8.2 Daemon Server] - 2025-10-22T10:46:06.561Z - [SYNC]: collect registered sync generators
[NX v20.8.2 Daemon Server] - 2025-10-22T10:46:06.562Z - [SYNC]: project graph hash is the same, not collecting task sync generators
[NX v20.8.2 Daemon Server] - 2025-10-22T10:46:06.562Z - [SYNC]: nx.json hash is the same, not collecting global sync generators
[NX v20.8.2 Daemon Server] - 2025-10-22T10:46:06.562Z - Time taken for 'hash changed files from watcher' 0.26183299999684095ms
[NX v20.8.2 Daemon Server] - 2025-10-22T10:46:13.648Z - [WATCHER]: Processing file changes in outputs
[NX v20.8.2 Daemon Server] - 2025-10-22T10:46:13.649Z - [WATCHER]: Stopping the watcher for /Users/antonmazhuto/Documents/Work/cere-network/cere-ddc-sdk-js (sources)
[NX v20.8.2 Daemon Server] - 2025-10-22T10:46:13.649Z - [WATCHER]: Stopping the watcher for /Users/antonmazhuto/Documents/Work/cere-network/cere-ddc-sdk-js (outputs)
[NX v20.8.2 Daemon Server] - 2025-10-22T10:46:13.650Z - Server stopped because: "LOCK_FILES_CHANGED"
[NX v20.8.2 Daemon Server] - 2025-10-22T10:46:19.818Z - Started listening on: /private/var/folders/_n/gnnllg2n3qn46ptfbf7_0lrr0000gn/T/833631dd753f480f2750/d.sock
[NX v20.8.2 Daemon Server] - 2025-10-22T10:46:19.819Z - [WATCHER]: Subscribed to changes within: /Users/antonmazhuto/Documents/Work/cere-network/cere-ddc-sdk-js (native)
[NX v20.8.2 Daemon Server] - 2025-10-22T10:46:19.824Z - Established a connection. Number of open connections: 1
[NX v20.8.2 Daemon Server] - 2025-10-22T10:46:19.824Z - Established a connection. Number of open connections: 2
[NX v20.8.2 Daemon Server] - 2025-10-22T10:46:19.825Z - Closed a connection. Number of open connections: 1
[NX v20.8.2 Daemon Server] - 2025-10-22T10:46:19.826Z - [REQUEST]: Client Request for Project Graph Received
[NX v20.8.2 Daemon Server] - 2025-10-22T10:46:19.835Z - [REQUEST]: Updated workspace context based on watched changes, recomputing project graph...
[NX v20.8.2 Daemon Server] - 2025-10-22T10:46:19.835Z - [REQUEST]: 
[NX v20.8.2 Daemon Server] - 2025-10-22T10:46:19.835Z - [REQUEST]: 
[NX v20.8.2 Daemon Server] - 2025-10-22T10:46:19.903Z - [SYNC]: collect registered sync generators
[NX v20.8.2 Daemon Server] - 2025-10-22T10:46:19.904Z - [REQUEST]: Responding to the client. project-graph
[NX v20.8.2 Daemon Server] - 2025-10-22T10:46:19.905Z - Time taken for 'total for creating and serializing project graph' 77.88341700000001ms
[NX v20.8.2 Daemon Server] - 2025-10-22T10:46:19.906Z - [WATCHER]: Processing file changes in outputs
[NX v20.8.2 Daemon Server] - 2025-10-22T10:46:19.910Z - Done responding to the client project-graph
[NX v20.8.2 Daemon Server] - 2025-10-22T10:46:19.910Z - Handled REQUEST_PROJECT_GRAPH. Handling time: 78. Response time: 6.
[NX v20.8.2 Daemon Server] - 2025-10-22T10:46:19.917Z - [REQUEST]: Responding to the client. handleContextFileData
[NX v20.8.2 Daemon Server] - 2025-10-22T10:46:19.917Z - Done responding to the client handleContextFileData
[NX v20.8.2 Daemon Server] - 2025-10-22T10:46:19.917Z - Handled GET_CONTEXT_FILE_DATA. Handling time: 1. Response time: 0.
[NX v20.8.2 Daemon Server] - 2025-10-22T10:46:20.004Z - [REQUEST]: Client Request for Project Graph Received
[NX v20.8.2 Daemon Server] - 2025-10-22T10:46:20.004Z - [REQUEST]: Responding to the client. project-graph
[NX v20.8.2 Daemon Server] - 2025-10-22T10:46:20.005Z - Time taken for 'total for creating and serializing project graph' 0.21354100000002063ms
[NX v20.8.2 Daemon Server] - 2025-10-22T10:46:20.006Z - Done responding to the client project-graph
[NX v20.8.2 Daemon Server] - 2025-10-22T10:46:20.006Z - Handled REQUEST_PROJECT_GRAPH. Handling time: 0. Response time: 2.
[NX v20.8.2 Daemon Server] - 2025-10-22T10:46:20.011Z - [REQUEST]: Responding to the client. handleRunPreTasksExecution
[NX v20.8.2 Daemon Server] - 2025-10-22T10:46:20.011Z - Done responding to the client handleRunPreTasksExecution
[NX v20.8.2 Daemon Server] - 2025-10-22T10:46:20.011Z - Handled PRE_TASKS_EXECUTION. Handling time: 1. Response time: 0.
[NX v20.8.2 Daemon Server] - 2025-10-22T10:46:20.011Z - Time taken for 'preTasksExecution' 0.27804200000002766ms
[NX v20.8.2 Daemon Server] - 2025-10-22T10:46:20.048Z - [REQUEST]: Responding to the client. handleHashTasks
[NX v20.8.2 Daemon Server] - 2025-10-22T10:46:20.049Z - Done responding to the client handleHashTasks
[NX v20.8.2 Daemon Server] - 2025-10-22T10:46:20.049Z - Handled HASH_TASKS. Handling time: 11. Response time: 1.
[NX v20.8.2 Daemon Server] - 2025-10-22T10:46:20.099Z - [REQUEST]: Responding to the client. handleGetEstimatedTaskTimings
[NX v20.8.2 Daemon Server] - 2025-10-22T10:46:20.099Z - Done responding to the client handleGetEstimatedTaskTimings
[NX v20.8.2 Daemon Server] - 2025-10-22T10:46:20.099Z - Handled GET_ESTIMATED_TASK_TIMINGS. Handling time: 18. Response time: 0.
[NX v20.8.2 Daemon Server] - 2025-10-22T10:46:23.783Z - [WATCHER]: Processing file changes in outputs
[NX v20.8.2 Daemon Server] - 2025-10-22T10:46:24.274Z - [WATCHER]: Processing file changes in outputs
[NX v20.8.2 Daemon Server] - 2025-10-22T10:46:24.930Z - [WATCHER]: Processing file changes in outputs
[NX v20.8.2 Daemon Server] - 2025-10-22T10:46:24.970Z - [REQUEST]: Responding to the client. recordOutputsHash
[NX v20.8.2 Daemon Server] - 2025-10-22T10:46:24.970Z - Done responding to the client recordOutputsHash
[NX v20.8.2 Daemon Server] - 2025-10-22T10:46:24.970Z - Handled RECORD_OUTPUTS_HASH. Handling time: 2. Response time: 0.
[NX v20.8.2 Daemon Server] - 2025-10-22T10:46:25.026Z - [WATCHER]: Processing file changes in outputs
[NX v20.8.2 Daemon Server] - 2025-10-22T10:46:30.086Z - [REQUEST]: Responding to the client. recordOutputsHash
[NX v20.8.2 Daemon Server] - 2025-10-22T10:46:30.087Z - Done responding to the client recordOutputsHash
[NX v20.8.2 Daemon Server] - 2025-10-22T10:46:30.087Z - Handled RECORD_OUTPUTS_HASH. Handling time: 4. Response time: 1.
[NX v20.8.2 Daemon Server] - 2025-10-22T10:46:30.089Z - [REQUEST]: Responding to the client. handleRecordTaskRuns
[NX v20.8.2 Daemon Server] - 2025-10-22T10:46:30.089Z - Done responding to the client handleRecordTaskRuns
[NX v20.8.2 Daemon Server] - 2025-10-22T10:46:30.089Z - Handled RECORD_TASK_RUNS. Handling time: 1. Response time: 0.
[NX v20.8.2 Daemon Server] - 2025-10-22T10:46:30.090Z - [REQUEST]: Responding to the client. handleGetFlakyTasks
[NX v20.8.2 Daemon Server] - 2025-10-22T10:46:30.090Z - Done responding to the client handleGetFlakyTasks
[NX v20.8.2 Daemon Server] - 2025-10-22T10:46:30.090Z - Handled GET_FLAKY_TASKS. Handling time: 0. Response time: 0.
[NX v20.8.2 Daemon Server] - 2025-10-22T10:46:30.092Z - [REQUEST]: Responding to the client. handleRunPostTasksExecution
[NX v20.8.2 Daemon Server] - 2025-10-22T10:46:30.092Z - Done responding to the client handleRunPostTasksExecution
[NX v20.8.2 Daemon Server] - 2025-10-22T10:46:30.092Z - Handled POST_TASKS_EXECUTION. Handling time: 0. Response time: 0.
[NX v20.8.2 Daemon Server] - 2025-10-22T10:46:30.092Z - Time taken for 'postTasksExecution' 0.07479099999909522ms
[NX v20.8.2 Daemon Server] - 2025-10-22T10:46:30.099Z - Closed a connection. Number of open connections: 0
[NX v20.8.2 Daemon Server] - 2025-10-22T10:46:36.355Z - [WATCHER]: 0 file(s) created or restored, 2 file(s) modified, 0 file(s) deleted
[NX v20.8.2 Daemon Server] - 2025-10-22T10:46:36.355Z - [WATCHER]: Processing file changes in outputs
[NX v20.8.2 Daemon Server] - 2025-10-22T10:46:36.456Z - [REQUEST]: Updated workspace context based on watched changes, recomputing project graph...
[NX v20.8.2 Daemon Server] - 2025-10-22T10:46:36.456Z - [REQUEST]: packages/blockchain/package.json,package.json
[NX v20.8.2 Daemon Server] - 2025-10-22T10:46:36.456Z - [REQUEST]: 
[NX v20.8.2 Daemon Server] - 2025-10-22T10:46:36.485Z - [SYNC]: collect registered sync generators
[NX v20.8.2 Daemon Server] - 2025-10-22T10:46:36.486Z - [SYNC]: project graph hash is the same, not collecting task sync generators
[NX v20.8.2 Daemon Server] - 2025-10-22T10:46:36.486Z - [SYNC]: nx.json hash is the same, not collecting global sync generators
[NX v20.8.2 Daemon Server] - 2025-10-22T10:46:36.486Z - Time taken for 'hash changed files from watcher' 0.3041670000020531ms
[NX v20.8.2 Daemon Server] - 2025-10-22T10:46:38.093Z - [WATCHER]: 0 file(s) created or restored, 2 file(s) modified, 0 file(s) deleted
[NX v20.8.2 Daemon Server] - 2025-10-22T10:46:38.093Z - [WATCHER]: Processing file changes in outputs
[NX v20.8.2 Daemon Server] - 2025-10-22T10:46:38.294Z - [REQUEST]: Updated workspace context based on watched changes, recomputing project graph...
[NX v20.8.2 Daemon Server] - 2025-10-22T10:46:38.294Z - [REQUEST]: package.json,packages/blockchain/package.json
[NX v20.8.2 Daemon Server] - 2025-10-22T10:46:38.294Z - [REQUEST]: 
[NX v20.8.2 Daemon Server] - 2025-10-22T10:46:38.319Z - [SYNC]: collect registered sync generators
[NX v20.8.2 Daemon Server] - 2025-10-22T10:46:38.319Z - [SYNC]: project graph hash is the same, not collecting task sync generators
[NX v20.8.2 Daemon Server] - 2025-10-22T10:46:38.319Z - [SYNC]: nx.json hash is the same, not collecting global sync generators
[NX v20.8.2 Daemon Server] - 2025-10-22T10:46:38.319Z - Time taken for 'hash changed files from watcher' 0.2927499999968859ms
[NX v20.8.2 Daemon Server] - 2025-10-22T10:46:38.416Z - [WATCHER]: 0 file(s) created or restored, 2 file(s) modified, 0 file(s) deleted
[NX v20.8.2 Daemon Server] - 2025-10-22T10:46:38.416Z - [WATCHER]: Processing file changes in outputs
[NX v20.8.2 Daemon Server] - 2025-10-22T10:46:38.817Z - [REQUEST]: Updated workspace context based on watched changes, recomputing project graph...
[NX v20.8.2 Daemon Server] - 2025-10-22T10:46:38.817Z - [REQUEST]: package.json,packages/blockchain/package.json
[NX v20.8.2 Daemon Server] - 2025-10-22T10:46:38.817Z - [REQUEST]: 
[NX v20.8.2 Daemon Server] - 2025-10-22T10:46:38.844Z - [SYNC]: collect registered sync generators
[NX v20.8.2 Daemon Server] - 2025-10-22T10:46:38.844Z - [SYNC]: project graph hash is the same, not collecting task sync generators
[NX v20.8.2 Daemon Server] - 2025-10-22T10:46:38.844Z - [SYNC]: nx.json hash is the same, not collecting global sync generators
[NX v20.8.2 Daemon Server] - 2025-10-22T10:46:38.845Z - Time taken for 'hash changed files from watcher' 0.455999999998312ms
[NX v20.8.2 Daemon Server] - 2025-10-22T10:50:02.373Z - [WATCHER]: packages/ddc/src/streams/streams.web.ts was modified
[NX v20.8.2 Daemon Server] - 2025-10-22T10:50:02.374Z - [WATCHER]: Processing file changes in outputs
[NX v20.8.2 Daemon Server] - 2025-10-22T10:50:03.174Z - [REQUEST]: Updated workspace context based on watched changes, recomputing project graph...
[NX v20.8.2 Daemon Server] - 2025-10-22T10:50:03.174Z - [REQUEST]: packages/ddc/src/streams/streams.web.ts
[NX v20.8.2 Daemon Server] - 2025-10-22T10:50:03.174Z - [REQUEST]: 
[NX v20.8.2 Daemon Server] - 2025-10-22T10:50:03.210Z - [SYNC]: collect registered sync generators
[NX v20.8.2 Daemon Server] - 2025-10-22T10:50:03.211Z - [SYNC]: project graph hash is the same, not collecting task sync generators
[NX v20.8.2 Daemon Server] - 2025-10-22T10:50:03.211Z - [SYNC]: nx.json hash is the same, not collecting global sync generators
[NX v20.8.2 Daemon Server] - 2025-10-22T10:50:03.213Z - Time taken for 'hash changed files from watcher' 0.32733299999381416ms
[NX v20.8.2 Daemon Server] - 2025-10-22T10:51:37.948Z - [WATCHER]: package-lock.json was modified
[NX v20.8.2 Daemon Server] - 2025-10-22T10:51:37.949Z - [WATCHER]: Processing file changes in outputs
[NX v20.8.2 Daemon Server] - 2025-10-22T10:51:39.549Z - [REQUEST]: Updated workspace context based on watched changes, recomputing project graph...
[NX v20.8.2 Daemon Server] - 2025-10-22T10:51:39.549Z - [REQUEST]: package-lock.json
[NX v20.8.2 Daemon Server] - 2025-10-22T10:51:39.549Z - [REQUEST]: 
[NX v20.8.2 Daemon Server] - 2025-10-22T10:51:39.598Z - [SYNC]: collect registered sync generators
[NX v20.8.2 Daemon Server] - 2025-10-22T10:51:39.598Z - [SYNC]: project graph hash is the same, not collecting task sync generators
[NX v20.8.2 Daemon Server] - 2025-10-22T10:51:39.598Z - [SYNC]: nx.json hash is the same, not collecting global sync generators
[NX v20.8.2 Daemon Server] - 2025-10-22T10:51:39.600Z - Time taken for 'hash changed files from watcher' 0.4742079999996349ms
[NX v20.8.2 Daemon Server] - 2025-10-22T10:51:53.481Z - Established a connection. Number of open connections: 1
[NX v20.8.2 Daemon Server] - 2025-10-22T10:51:53.482Z - Established a connection. Number of open connections: 2
[NX v20.8.2 Daemon Server] - 2025-10-22T10:51:53.482Z - Closed a connection. Number of open connections: 1
[NX v20.8.2 Daemon Server] - 2025-10-22T10:51:53.482Z - [REQUEST]: Client Request for Project Graph Received
[NX v20.8.2 Daemon Server] - 2025-10-22T10:51:53.482Z - [REQUEST]: Responding to the client. project-graph
[NX v20.8.2 Daemon Server] - 2025-10-22T10:51:53.483Z - Time taken for 'total for creating and serializing project graph' 0.1223749999771826ms
[NX v20.8.2 Daemon Server] - 2025-10-22T10:51:53.485Z - Done responding to the client project-graph
[NX v20.8.2 Daemon Server] - 2025-10-22T10:51:53.485Z - Handled REQUEST_PROJECT_GRAPH. Handling time: 0. Response time: 3.
[NX v20.8.2 Daemon Server] - 2025-10-22T10:51:53.491Z - [REQUEST]: Responding to the client. handleContextFileData
[NX v20.8.2 Daemon Server] - 2025-10-22T10:51:53.491Z - Done responding to the client handleContextFileData
[NX v20.8.2 Daemon Server] - 2025-10-22T10:51:53.491Z - Handled GET_CONTEXT_FILE_DATA. Handling time: 0. Response time: 0.
[NX v20.8.2 Daemon Server] - 2025-10-22T10:51:53.570Z - [REQUEST]: Client Request for Project Graph Received
[NX v20.8.2 Daemon Server] - 2025-10-22T10:51:53.570Z - [REQUEST]: Responding to the client. project-graph
[NX v20.8.2 Daemon Server] - 2025-10-22T10:51:53.571Z - Time taken for 'total for creating and serializing project graph' 0.1597920000203885ms
[NX v20.8.2 Daemon Server] - 2025-10-22T10:51:53.573Z - Done responding to the client project-graph
[NX v20.8.2 Daemon Server] - 2025-10-22T10:51:53.573Z - Handled REQUEST_PROJECT_GRAPH. Handling time: 0. Response time: 3.
[NX v20.8.2 Daemon Server] - 2025-10-22T10:51:53.577Z - [REQUEST]: Responding to the client. handleRunPreTasksExecution
[NX v20.8.2 Daemon Server] - 2025-10-22T10:51:53.577Z - Done responding to the client handleRunPreTasksExecution
[NX v20.8.2 Daemon Server] - 2025-10-22T10:51:53.577Z - Handled PRE_TASKS_EXECUTION. Handling time: 0. Response time: 0.
[NX v20.8.2 Daemon Server] - 2025-10-22T10:51:53.577Z - Time taken for 'preTasksExecution' 0.06895799998892471ms
[NX v20.8.2 Daemon Server] - 2025-10-22T10:51:53.614Z - [REQUEST]: Responding to the client. handleHashTasks
[NX v20.8.2 Daemon Server] - 2025-10-22T10:51:53.615Z - Done responding to the client handleHashTasks
[NX v20.8.2 Daemon Server] - 2025-10-22T10:51:53.615Z - Handled HASH_TASKS. Handling time: 12. Response time: 1.
[NX v20.8.2 Daemon Server] - 2025-10-22T10:51:53.651Z - [REQUEST]: Responding to the client. handleGetEstimatedTaskTimings
[NX v20.8.2 Daemon Server] - 2025-10-22T10:51:53.651Z - Done responding to the client handleGetEstimatedTaskTimings
[NX v20.8.2 Daemon Server] - 2025-10-22T10:51:53.651Z - Handled GET_ESTIMATED_TASK_TIMINGS. Handling time: 0. Response time: 0.
[NX v20.8.2 Daemon Server] - 2025-10-22T10:51:53.658Z - [REQUEST]: Responding to the client. outputsHashesMatch
[NX v20.8.2 Daemon Server] - 2025-10-22T10:51:53.659Z - Done responding to the client outputsHashesMatch
[NX v20.8.2 Daemon Server] - 2025-10-22T10:51:53.659Z - Handled OUTPUTS_HASHES_MATCH. Handling time: 4. Response time: 1.
[NX v20.8.2 Daemon Server] - 2025-10-22T10:51:53.662Z - [REQUEST]: Responding to the client. recordOutputsHash
[NX v20.8.2 Daemon Server] - 2025-10-22T10:51:53.662Z - Done responding to the client recordOutputsHash
[NX v20.8.2 Daemon Server] - 2025-10-22T10:51:53.662Z - Handled RECORD_OUTPUTS_HASH. Handling time: 3. Response time: 0.
[NX v20.8.2 Daemon Server] - 2025-10-22T10:51:59.640Z - [WATCHER]: Processing file changes in outputs
[NX v20.8.2 Daemon Server] - 2025-10-22T10:52:01.289Z - [WATCHER]: Processing file changes in outputs
[NX v20.8.2 Daemon Server] - 2025-10-22T10:52:03.773Z - [WATCHER]: Processing file changes in outputs
[NX v20.8.2 Daemon Server] - 2025-10-22T10:52:04.004Z - [REQUEST]: Responding to the client. recordOutputsHash
[NX v20.8.2 Daemon Server] - 2025-10-22T10:52:04.004Z - Done responding to the client recordOutputsHash
[NX v20.8.2 Daemon Server] - 2025-10-22T10:52:04.004Z - Handled RECORD_OUTPUTS_HASH. Handling time: 3. Response time: 0.
[NX v20.8.2 Daemon Server] - 2025-10-22T10:52:04.064Z - [WATCHER]: Processing file changes in outputs
[NX v20.8.2 Daemon Server] - 2025-10-22T10:52:06.246Z - [WATCHER]: Processing file changes in outputs
[NX v20.8.2 Daemon Server] - 2025-10-22T10:52:06.475Z - [WATCHER]: Processing file changes in outputs
[NX v20.8.2 Daemon Server] - 2025-10-22T10:52:07.021Z - [REQUEST]: Responding to the client. recordOutputsHash
[NX v20.8.2 Daemon Server] - 2025-10-22T10:52:07.021Z - Done responding to the client recordOutputsHash
[NX v20.8.2 Daemon Server] - 2025-10-22T10:52:07.021Z - Handled RECORD_OUTPUTS_HASH. Handling time: 3. Response time: 0.
[NX v20.8.2 Daemon Server] - 2025-10-22T10:52:07.037Z - [WATCHER]: Processing file changes in outputs
[NX v20.8.2 Daemon Server] - 2025-10-22T10:52:07.089Z - [WATCHER]: Processing file changes in outputs
[NX v20.8.2 Daemon Server] - 2025-10-22T10:52:09.234Z - [WATCHER]: Processing file changes in outputs
[NX v20.8.2 Daemon Server] - 2025-10-22T10:52:09.464Z - [WATCHER]: Processing file changes in outputs
[NX v20.8.2 Daemon Server] - 2025-10-22T10:52:10.026Z - [REQUEST]: Responding to the client. recordOutputsHash
[NX v20.8.2 Daemon Server] - 2025-10-22T10:52:10.026Z - Done responding to the client recordOutputsHash
[NX v20.8.2 Daemon Server] - 2025-10-22T10:52:10.026Z - Handled RECORD_OUTPUTS_HASH. Handling time: 3. Response time: 0.
[NX v20.8.2 Daemon Server] - 2025-10-22T10:52:10.039Z - [WATCHER]: Processing file changes in outputs
[NX v20.8.2 Daemon Server] - 2025-10-22T10:52:12.015Z - [REQUEST]: Responding to the client. recordOutputsHash
[NX v20.8.2 Daemon Server] - 2025-10-22T10:52:12.015Z - Done responding to the client recordOutputsHash
[NX v20.8.2 Daemon Server] - 2025-10-22T10:52:12.015Z - Handled RECORD_OUTPUTS_HASH. Handling time: 2. Response time: 0.
[NX v20.8.2 Daemon Server] - 2025-10-22T10:52:18.266Z - [WATCHER]: Processing file changes in outputs
[NX v20.8.2 Daemon Server] - 2025-10-22T10:52:18.935Z - [WATCHER]: Processing file changes in outputs
[NX v20.8.2 Daemon Server] - 2025-10-22T10:52:19.024Z - [REQUEST]: Responding to the client. recordOutputsHash
[NX v20.8.2 Daemon Server] - 2025-10-22T10:52:19.024Z - Done responding to the client recordOutputsHash
[NX v20.8.2 Daemon Server] - 2025-10-22T10:52:19.024Z - Handled RECORD_OUTPUTS_HASH. Handling time: 5. Response time: 0.
[NX v20.8.2 Daemon Server] - 2025-10-22T10:52:19.028Z - [REQUEST]: Responding to the client. handleRecordTaskRuns
[NX v20.8.2 Daemon Server] - 2025-10-22T10:52:19.028Z - Done responding to the client handleRecordTaskRuns
[NX v20.8.2 Daemon Server] - 2025-10-22T10:52:19.028Z - Handled RECORD_TASK_RUNS. Handling time: 1. Response time: 0.
[NX v20.8.2 Daemon Server] - 2025-10-22T10:52:19.028Z - [REQUEST]: Responding to the client. handleGetFlakyTasks
[NX v20.8.2 Daemon Server] - 2025-10-22T10:52:19.028Z - Done responding to the client handleGetFlakyTasks
[NX v20.8.2 Daemon Server] - 2025-10-22T10:52:19.028Z - Handled GET_FLAKY_TASKS. Handling time: 0. Response time: 0.
[NX v20.8.2 Daemon Server] - 2025-10-22T10:52:19.032Z - [REQUEST]: Responding to the client. handleRunPostTasksExecution
[NX v20.8.2 Daemon Server] - 2025-10-22T10:52:19.032Z - Done responding to the client handleRunPostTasksExecution
[NX v20.8.2 Daemon Server] - 2025-10-22T10:52:19.032Z - Handled POST_TASKS_EXECUTION. Handling time: 1. Response time: 0.
[NX v20.8.2 Daemon Server] - 2025-10-22T10:52:19.032Z - Time taken for 'postTasksExecution' 0.13658300001407042ms
[NX v20.8.2 Daemon Server] - 2025-10-22T10:52:19.040Z - Closed a connection. Number of open connections: 0
[NX v20.8.2 Daemon Server] - 2025-10-22T10:52:19.078Z - [WATCHER]: Processing file changes in outputs
[NX v20.8.2 Daemon Server] - 2025-10-22T10:52:36.248Z - [WATCHER]: packages/cli/src/deposit.ts was modified
[NX v20.8.2 Daemon Server] - 2025-10-22T10:52:36.248Z - [WATCHER]: Processing file changes in outputs
[NX v20.8.2 Daemon Server] - 2025-10-22T10:52:36.349Z - [REQUEST]: Updated workspace context based on watched changes, recomputing project graph...
[NX v20.8.2 Daemon Server] - 2025-10-22T10:52:36.349Z - [REQUEST]: packages/cli/src/deposit.ts
[NX v20.8.2 Daemon Server] - 2025-10-22T10:52:36.349Z - [REQUEST]: 
[NX v20.8.2 Daemon Server] - 2025-10-22T10:52:36.380Z - [SYNC]: collect registered sync generators
[NX v20.8.2 Daemon Server] - 2025-10-22T10:52:36.381Z - [SYNC]: project graph hash is the same, not collecting task sync generators
[NX v20.8.2 Daemon Server] - 2025-10-22T10:52:36.381Z - [SYNC]: nx.json hash is the same, not collecting global sync generators
[NX v20.8.2 Daemon Server] - 2025-10-22T10:52:36.384Z - Time taken for 'hash changed files from watcher' 0.3420419999747537ms
[NX v20.8.2 Daemon Server] - 2025-10-22T10:53:00.801Z - Established a connection. Number of open connections: 1
[NX v20.8.2 Daemon Server] - 2025-10-22T10:53:00.801Z - Established a connection. Number of open connections: 2
[NX v20.8.2 Daemon Server] - 2025-10-22T10:53:00.802Z - Closed a connection. Number of open connections: 1
[NX v20.8.2 Daemon Server] - 2025-10-22T10:53:00.803Z - [REQUEST]: Client Request for Project Graph Received
[NX v20.8.2 Daemon Server] - 2025-10-22T10:53:00.803Z - [REQUEST]: Responding to the client. project-graph
[NX v20.8.2 Daemon Server] - 2025-10-22T10:53:00.804Z - Time taken for 'total for creating and serializing project graph' 0.20845800003735349ms
[NX v20.8.2 Daemon Server] - 2025-10-22T10:53:00.806Z - Done responding to the client project-graph
[NX v20.8.2 Daemon Server] - 2025-10-22T10:53:00.806Z - Handled REQUEST_PROJECT_GRAPH. Handling time: 0. Response time: 3.
[NX v20.8.2 Daemon Server] - 2025-10-22T10:53:00.811Z - [REQUEST]: Responding to the client. handleContextFileData
[NX v20.8.2 Daemon Server] - 2025-10-22T10:53:00.811Z - Done responding to the client handleContextFileData
[NX v20.8.2 Daemon Server] - 2025-10-22T10:53:00.811Z - Handled GET_CONTEXT_FILE_DATA. Handling time: 0. Response time: 0.
[NX v20.8.2 Daemon Server] - 2025-10-22T10:53:00.890Z - [REQUEST]: Client Request for Project Graph Received
[NX v20.8.2 Daemon Server] - 2025-10-22T10:53:00.890Z - [REQUEST]: Responding to the client. project-graph
[NX v20.8.2 Daemon Server] - 2025-10-22T10:53:00.891Z - Time taken for 'total for creating and serializing project graph' 0.18049999995855615ms
[NX v20.8.2 Daemon Server] - 2025-10-22T10:53:00.893Z - Done responding to the client project-graph
[NX v20.8.2 Daemon Server] - 2025-10-22T10:53:00.893Z - Handled REQUEST_PROJECT_GRAPH. Handling time: 0. Response time: 3.
[NX v20.8.2 Daemon Server] - 2025-10-22T10:53:00.897Z - [REQUEST]: Responding to the client. handleRunPreTasksExecution
[NX v20.8.2 Daemon Server] - 2025-10-22T10:53:00.897Z - Done responding to the client handleRunPreTasksExecution
[NX v20.8.2 Daemon Server] - 2025-10-22T10:53:00.897Z - Handled PRE_TASKS_EXECUTION. Handling time: 1. Response time: 0.
[NX v20.8.2 Daemon Server] - 2025-10-22T10:53:00.897Z - Time taken for 'preTasksExecution' 0.10479200002737343ms
[NX v20.8.2 Daemon Server] - 2025-10-22T10:53:00.932Z - [REQUEST]: Responding to the client. handleHashTasks
[NX v20.8.2 Daemon Server] - 2025-10-22T10:53:00.933Z - Done responding to the client handleHashTasks
[NX v20.8.2 Daemon Server] - 2025-10-22T10:53:00.933Z - Handled HASH_TASKS. Handling time: 13. Response time: 1.
[NX v20.8.2 Daemon Server] - 2025-10-22T10:53:00.963Z - [REQUEST]: Responding to the client. handleGetEstimatedTaskTimings
[NX v20.8.2 Daemon Server] - 2025-10-22T10:53:00.963Z - Done responding to the client handleGetEstimatedTaskTimings
[NX v20.8.2 Daemon Server] - 2025-10-22T10:53:00.963Z - Handled GET_ESTIMATED_TASK_TIMINGS. Handling time: 0. Response time: 0.
[NX v20.8.2 Daemon Server] - 2025-10-22T10:53:00.969Z - [REQUEST]: Responding to the client. outputsHashesMatch
[NX v20.8.2 Daemon Server] - 2025-10-22T10:53:00.969Z - Done responding to the client outputsHashesMatch
[NX v20.8.2 Daemon Server] - 2025-10-22T10:53:00.969Z - Handled OUTPUTS_HASHES_MATCH. Handling time: 3. Response time: 0.
[NX v20.8.2 Daemon Server] - 2025-10-22T10:53:00.973Z - [REQUEST]: Responding to the client. recordOutputsHash
[NX v20.8.2 Daemon Server] - 2025-10-22T10:53:00.973Z - Done responding to the client recordOutputsHash
[NX v20.8.2 Daemon Server] - 2025-10-22T10:53:00.973Z - Handled RECORD_OUTPUTS_HASH. Handling time: 3. Response time: 0.
[NX v20.8.2 Daemon Server] - 2025-10-22T10:53:00.978Z - [REQUEST]: Responding to the client. outputsHashesMatch
[NX v20.8.2 Daemon Server] - 2025-10-22T10:53:00.978Z - Done responding to the client outputsHashesMatch
[NX v20.8.2 Daemon Server] - 2025-10-22T10:53:00.978Z - Handled OUTPUTS_HASHES_MATCH. Handling time: 3. Response time: 0.
[NX v20.8.2 Daemon Server] - 2025-10-22T10:53:00.981Z - [REQUEST]: Responding to the client. recordOutputsHash
[NX v20.8.2 Daemon Server] - 2025-10-22T10:53:00.981Z - Done responding to the client recordOutputsHash
[NX v20.8.2 Daemon Server] - 2025-10-22T10:53:00.981Z - Handled RECORD_OUTPUTS_HASH. Handling time: 2. Response time: 0.
[NX v20.8.2 Daemon Server] - 2025-10-22T10:53:00.984Z - [REQUEST]: Responding to the client. outputsHashesMatch
[NX v20.8.2 Daemon Server] - 2025-10-22T10:53:00.984Z - Done responding to the client outputsHashesMatch
[NX v20.8.2 Daemon Server] - 2025-10-22T10:53:00.984Z - Handled OUTPUTS_HASHES_MATCH. Handling time: 2. Response time: 0.
[NX v20.8.2 Daemon Server] - 2025-10-22T10:53:00.986Z - [REQUEST]: Responding to the client. recordOutputsHash
[NX v20.8.2 Daemon Server] - 2025-10-22T10:53:00.986Z - Done responding to the client recordOutputsHash
[NX v20.8.2 Daemon Server] - 2025-10-22T10:53:00.986Z - Handled RECORD_OUTPUTS_HASH. Handling time: 2. Response time: 0.
[NX v20.8.2 Daemon Server] - 2025-10-22T10:53:00.990Z - [REQUEST]: Responding to the client. outputsHashesMatch
[NX v20.8.2 Daemon Server] - 2025-10-22T10:53:00.990Z - Done responding to the client outputsHashesMatch
[NX v20.8.2 Daemon Server] - 2025-10-22T10:53:00.990Z - Handled OUTPUTS_HASHES_MATCH. Handling time: 3. Response time: 0.
[NX v20.8.2 Daemon Server] - 2025-10-22T10:53:00.993Z - [REQUEST]: Responding to the client. recordOutputsHash
[NX v20.8.2 Daemon Server] - 2025-10-22T10:53:00.993Z - Done responding to the client recordOutputsHash
[NX v20.8.2 Daemon Server] - 2025-10-22T10:53:00.993Z - Handled RECORD_OUTPUTS_HASH. Handling time: 3. Response time: 0.
[NX v20.8.2 Daemon Server] - 2025-10-22T10:53:01.001Z - [REQUEST]: Responding to the client. outputsHashesMatch
[NX v20.8.2 Daemon Server] - 2025-10-22T10:53:01.001Z - Done responding to the client outputsHashesMatch
[NX v20.8.2 Daemon Server] - 2025-10-22T10:53:01.001Z - Handled OUTPUTS_HASHES_MATCH. Handling time: 5. Response time: 0.
[NX v20.8.2 Daemon Server] - 2025-10-22T10:53:01.005Z - [REQUEST]: Responding to the client. recordOutputsHash
[NX v20.8.2 Daemon Server] - 2025-10-22T10:53:01.005Z - Done responding to the client recordOutputsHash
[NX v20.8.2 Daemon Server] - 2025-10-22T10:53:01.005Z - Handled RECORD_OUTPUTS_HASH. Handling time: 3. Response time: 0.
[NX v20.8.2 Daemon Server] - 2025-10-22T10:53:03.173Z - [REQUEST]: Responding to the client. recordOutputsHash
[NX v20.8.2 Daemon Server] - 2025-10-22T10:53:03.173Z - Done responding to the client recordOutputsHash
[NX v20.8.2 Daemon Server] - 2025-10-22T10:53:03.173Z - Handled RECORD_OUTPUTS_HASH. Handling time: 2. Response time: 0.
[NX v20.8.2 Daemon Server] - 2025-10-22T10:53:03.175Z - [REQUEST]: Responding to the client. handleRecordTaskRuns
[NX v20.8.2 Daemon Server] - 2025-10-22T10:53:03.175Z - Done responding to the client handleRecordTaskRuns
[NX v20.8.2 Daemon Server] - 2025-10-22T10:53:03.175Z - Handled RECORD_TASK_RUNS. Handling time: 0. Response time: 0.
[NX v20.8.2 Daemon Server] - 2025-10-22T10:53:03.175Z - [REQUEST]: Responding to the client. handleGetFlakyTasks
[NX v20.8.2 Daemon Server] - 2025-10-22T10:53:03.175Z - Done responding to the client handleGetFlakyTasks
[NX v20.8.2 Daemon Server] - 2025-10-22T10:53:03.175Z - Handled GET_FLAKY_TASKS. Handling time: 0. Response time: 0.
[NX v20.8.2 Daemon Server] - 2025-10-22T10:53:03.177Z - [REQUEST]: Responding to the client. handleRunPostTasksExecution
[NX v20.8.2 Daemon Server] - 2025-10-22T10:53:03.177Z - Done responding to the client handleRunPostTasksExecution
[NX v20.8.2 Daemon Server] - 2025-10-22T10:53:03.177Z - Handled POST_TASKS_EXECUTION. Handling time: 0. Response time: 0.
[NX v20.8.2 Daemon Server] - 2025-10-22T10:53:03.177Z - Time taken for 'postTasksExecution' 0.06637500005308539ms
[NX v20.8.2 Daemon Server] - 2025-10-22T10:53:03.182Z - Closed a connection. Number of open connections: 0
[NX v20.8.2 Daemon Server] - 2025-10-22T10:53:35.721Z - [WATCHER]: Processing file changes in outputs
[NX v20.8.2 Daemon Server] - 2025-10-22T10:53:40.155Z - [WATCHER]: Processing file changes in outputs
[NX v20.8.2 Daemon Server] - 2025-10-22T10:53:40.156Z - [WATCHER]: package-lock.json was modified
[NX v20.8.2 Daemon Server] - 2025-10-22T10:53:40.258Z - [REQUEST]: Updated workspace context based on watched changes, recomputing project graph...
[NX v20.8.2 Daemon Server] - 2025-10-22T10:53:40.258Z - [REQUEST]: package-lock.json
[NX v20.8.2 Daemon Server] - 2025-10-22T10:53:40.258Z - [REQUEST]: 
[NX v20.8.2 Daemon Server] - 2025-10-22T10:53:40.292Z - [SYNC]: collect registered sync generators
[NX v20.8.2 Daemon Server] - 2025-10-22T10:53:40.294Z - [SYNC]: project graph hash is the same, not collecting task sync generators
[NX v20.8.2 Daemon Server] - 2025-10-22T10:53:40.294Z - [SYNC]: nx.json hash is the same, not collecting global sync generators
[NX v20.8.2 Daemon Server] - 2025-10-22T10:53:40.300Z - Time taken for 'hash changed files from watcher' 0.43008399999234825ms
[NX v20.8.2 Daemon Server] - 2025-10-22T10:53:45.134Z - Established a connection. Number of open connections: 1
[NX v20.8.2 Daemon Server] - 2025-10-22T10:53:45.136Z - Closed a connection. Number of open connections: 0
[NX v20.8.2 Daemon Server] - 2025-10-22T10:53:45.136Z - Established a connection. Number of open connections: 1
[NX v20.8.2 Daemon Server] - 2025-10-22T10:53:45.137Z - [REQUEST]: Client Request for Project Graph Received
[NX v20.8.2 Daemon Server] - 2025-10-22T10:53:45.137Z - [REQUEST]: Responding to the client. project-graph
[NX v20.8.2 Daemon Server] - 2025-10-22T10:53:45.138Z - Time taken for 'total for creating and serializing project graph' 0.27733299997635186ms
[NX v20.8.2 Daemon Server] - 2025-10-22T10:53:45.148Z - Done responding to the client project-graph
[NX v20.8.2 Daemon Server] - 2025-10-22T10:53:45.148Z - Handled REQUEST_PROJECT_GRAPH. Handling time: 0. Response time: 11.
[NX v20.8.2 Daemon Server] - 2025-10-22T10:53:45.153Z - [REQUEST]: Responding to the client. handleContextFileData
[NX v20.8.2 Daemon Server] - 2025-10-22T10:53:45.153Z - Done responding to the client handleContextFileData
[NX v20.8.2 Daemon Server] - 2025-10-22T10:53:45.153Z - Handled GET_CONTEXT_FILE_DATA. Handling time: 0. Response time: 0.
[NX v20.8.2 Daemon Server] - 2025-10-22T10:53:45.232Z - [REQUEST]: Client Request for Project Graph Received
[NX v20.8.2 Daemon Server] - 2025-10-22T10:53:45.233Z - [REQUEST]: Responding to the client. project-graph
[NX v20.8.2 Daemon Server] - 2025-10-22T10:53:45.234Z - Time taken for 'total for creating and serializing project graph' 0.24612500000512227ms
[NX v20.8.2 Daemon Server] - 2025-10-22T10:53:45.236Z - Done responding to the client project-graph
[NX v20.8.2 Daemon Server] - 2025-10-22T10:53:45.236Z - Handled REQUEST_PROJECT_GRAPH. Handling time: 1. Response time: 3.
[NX v20.8.2 Daemon Server] - 2025-10-22T10:53:45.241Z - [REQUEST]: Responding to the client. handleRunPreTasksExecution
[NX v20.8.2 Daemon Server] - 2025-10-22T10:53:45.241Z - Done responding to the client handleRunPreTasksExecution
[NX v20.8.2 Daemon Server] - 2025-10-22T10:53:45.241Z - Handled PRE_TASKS_EXECUTION. Handling time: 1. Response time: 0.
[NX v20.8.2 Daemon Server] - 2025-10-22T10:53:45.241Z - Time taken for 'preTasksExecution' 0.15095799998380244ms
[NX v20.8.2 Daemon Server] - 2025-10-22T10:53:45.278Z - [REQUEST]: Responding to the client. handleHashTasks
[NX v20.8.2 Daemon Server] - 2025-10-22T10:53:45.279Z - Done responding to the client handleHashTasks
[NX v20.8.2 Daemon Server] - 2025-10-22T10:53:45.279Z - Handled HASH_TASKS. Handling time: 12. Response time: 1.
[NX v20.8.2 Daemon Server] - 2025-10-22T10:53:45.316Z - [REQUEST]: Responding to the client. handleGetEstimatedTaskTimings
[NX v20.8.2 Daemon Server] - 2025-10-22T10:53:45.316Z - Done responding to the client handleGetEstimatedTaskTimings
[NX v20.8.2 Daemon Server] - 2025-10-22T10:53:45.316Z - Handled GET_ESTIMATED_TASK_TIMINGS. Handling time: 0. Response time: 0.
[NX v20.8.2 Daemon Server] - 2025-10-22T10:53:45.323Z - [REQUEST]: Responding to the client. outputsHashesMatch
[NX v20.8.2 Daemon Server] - 2025-10-22T10:53:45.323Z - Done responding to the client outputsHashesMatch
[NX v20.8.2 Daemon Server] - 2025-10-22T10:53:45.323Z - Handled OUTPUTS_HASHES_MATCH. Handling time: 4. Response time: 0.
[NX v20.8.2 Daemon Server] - 2025-10-22T10:53:45.326Z - [REQUEST]: Responding to the client. recordOutputsHash
[NX v20.8.2 Daemon Server] - 2025-10-22T10:53:45.326Z - Done responding to the client recordOutputsHash
[NX v20.8.2 Daemon Server] - 2025-10-22T10:53:45.326Z - Handled RECORD_OUTPUTS_HASH. Handling time: 3. Response time: 0.
[NX v20.8.2 Daemon Server] - 2025-10-22T10:53:45.333Z - [REQUEST]: Responding to the client. outputsHashesMatch
[NX v20.8.2 Daemon Server] - 2025-10-22T10:53:45.333Z - Done responding to the client outputsHashesMatch
[NX v20.8.2 Daemon Server] - 2025-10-22T10:53:45.333Z - Handled OUTPUTS_HASHES_MATCH. Handling time: 5. Response time: 0.
[NX v20.8.2 Daemon Server] - 2025-10-22T10:53:45.338Z - [REQUEST]: Responding to the client. recordOutputsHash
[NX v20.8.2 Daemon Server] - 2025-10-22T10:53:45.338Z - Done responding to the client recordOutputsHash
[NX v20.8.2 Daemon Server] - 2025-10-22T10:53:45.338Z - Handled RECORD_OUTPUTS_HASH. Handling time: 5. Response time: 0.
[NX v20.8.2 Daemon Server] - 2025-10-22T10:53:45.342Z - [REQUEST]: Responding to the client. outputsHashesMatch
[NX v20.8.2 Daemon Server] - 2025-10-22T10:53:45.343Z - Done responding to the client outputsHashesMatch
[NX v20.8.2 Daemon Server] - 2025-10-22T10:53:45.343Z - Handled OUTPUTS_HASHES_MATCH. Handling time: 2. Response time: 1.
[NX v20.8.2 Daemon Server] - 2025-10-22T10:53:45.345Z - [REQUEST]: Responding to the client. recordOutputsHash
[NX v20.8.2 Daemon Server] - 2025-10-22T10:53:45.345Z - Done responding to the client recordOutputsHash
[NX v20.8.2 Daemon Server] - 2025-10-22T10:53:45.345Z - Handled RECORD_OUTPUTS_HASH. Handling time: 2. Response time: 0.
[NX v20.8.2 Daemon Server] - 2025-10-22T10:53:45.350Z - [REQUEST]: Responding to the client. outputsHashesMatch
[NX v20.8.2 Daemon Server] - 2025-10-22T10:53:45.350Z - Done responding to the client outputsHashesMatch
[NX v20.8.2 Daemon Server] - 2025-10-22T10:53:45.350Z - Handled OUTPUTS_HASHES_MATCH. Handling time: 3. Response time: 0.
[NX v20.8.2 Daemon Server] - 2025-10-22T10:53:45.354Z - [REQUEST]: Responding to the client. recordOutputsHash
[NX v20.8.2 Daemon Server] - 2025-10-22T10:53:45.354Z - Done responding to the client recordOutputsHash
[NX v20.8.2 Daemon Server] - 2025-10-22T10:53:45.354Z - Handled RECORD_OUTPUTS_HASH. Handling time: 3. Response time: 0.
[NX v20.8.2 Daemon Server] - 2025-10-22T10:53:45.362Z - [REQUEST]: Responding to the client. outputsHashesMatch
[NX v20.8.2 Daemon Server] - 2025-10-22T10:53:45.362Z - Done responding to the client outputsHashesMatch
[NX v20.8.2 Daemon Server] - 2025-10-22T10:53:45.362Z - Handled OUTPUTS_HASHES_MATCH. Handling time: 5. Response time: 0.
[NX v20.8.2 Daemon Server] - 2025-10-22T10:53:45.375Z - [REQUEST]: Responding to the client. recordOutputsHash
[NX v20.8.2 Daemon Server] - 2025-10-22T10:53:45.375Z - Done responding to the client recordOutputsHash
[NX v20.8.2 Daemon Server] - 2025-10-22T10:53:45.375Z - Handled RECORD_OUTPUTS_HASH. Handling time: 12. Response time: 0.
[NX v20.8.2 Daemon Server] - 2025-10-22T10:53:47.644Z - [REQUEST]: Responding to the client. recordOutputsHash
[NX v20.8.2 Daemon Server] - 2025-10-22T10:53:47.644Z - Done responding to the client recordOutputsHash
[NX v20.8.2 Daemon Server] - 2025-10-22T10:53:47.644Z - Handled RECORD_OUTPUTS_HASH. Handling time: 0. Response time: 0.
[NX v20.8.2 Daemon Server] - 2025-10-22T10:53:47.646Z - [REQUEST]: Responding to the client. handleRecordTaskRuns
[NX v20.8.2 Daemon Server] - 2025-10-22T10:53:47.646Z - Done responding to the client handleRecordTaskRuns
[NX v20.8.2 Daemon Server] - 2025-10-22T10:53:47.646Z - Handled RECORD_TASK_RUNS. Handling time: 0. Response time: 0.
[NX v20.8.2 Daemon Server] - 2025-10-22T10:53:47.647Z - [REQUEST]: Responding to the client. handleGetFlakyTasks
[NX v20.8.2 Daemon Server] - 2025-10-22T10:53:47.647Z - Done responding to the client handleGetFlakyTasks
[NX v20.8.2 Daemon Server] - 2025-10-22T10:53:47.647Z - Handled GET_FLAKY_TASKS. Handling time: 0. Response time: 0.
[NX v20.8.2 Daemon Server] - 2025-10-22T10:53:47.650Z - [REQUEST]: Responding to the client. handleRunPostTasksExecution
[NX v20.8.2 Daemon Server] - 2025-10-22T10:53:47.650Z - Done responding to the client handleRunPostTasksExecution
[NX v20.8.2 Daemon Server] - 2025-10-22T10:53:47.650Z - Handled POST_TASKS_EXECUTION. Handling time: 1. Response time: 0.
[NX v20.8.2 Daemon Server] - 2025-10-22T10:53:47.650Z - Time taken for 'postTasksExecution' 0.1538750000181608ms
[NX v20.8.2 Daemon Server] - 2025-10-22T10:53:47.655Z - Closed a connection. Number of open connections: 0
[NX v20.8.2 Daemon Server] - 2025-10-22T10:54:05.195Z - [WATCHER]: package-lock.json was modified
[NX v20.8.2 Daemon Server] - 2025-10-22T10:54:05.195Z - [WATCHER]: Processing file changes in outputs
[NX v20.8.2 Daemon Server] - 2025-10-22T10:54:05.296Z - [REQUEST]: Updated workspace context based on watched changes, recomputing project graph...
[NX v20.8.2 Daemon Server] - 2025-10-22T10:54:05.296Z - [REQUEST]: package-lock.json
[NX v20.8.2 Daemon Server] - 2025-10-22T10:54:05.296Z - [REQUEST]: 
[NX v20.8.2 Daemon Server] - 2025-10-22T10:54:05.323Z - [SYNC]: collect registered sync generators
[NX v20.8.2 Daemon Server] - 2025-10-22T10:54:05.323Z - [SYNC]: project graph hash is the same, not collecting task sync generators
[NX v20.8.2 Daemon Server] - 2025-10-22T10:54:05.323Z - [SYNC]: nx.json hash is the same, not collecting global sync generators
[NX v20.8.2 Daemon Server] - 2025-10-22T10:54:05.324Z - Time taken for 'hash changed files from watcher' 0.4146249999757856ms
[NX v20.8.2 Daemon Server] - 2025-10-22T10:54:40.555Z - [WATCHER]: Processing file changes in outputs
[NX v20.8.2 Daemon Server] - 2025-10-22T10:54:40.627Z - [WATCHER]: Stopping the watcher for /Users/antonmazhuto/Documents/Work/cere-network/cere-ddc-sdk-js (sources)
[NX v20.8.2 Daemon Server] - 2025-10-22T10:54:40.628Z - [WATCHER]: Stopping the watcher for /Users/antonmazhuto/Documents/Work/cere-network/cere-ddc-sdk-js (outputs)
[NX v20.8.2 Daemon Server] - 2025-10-22T10:54:40.630Z - Server stopped because: "NX_VERSION_CHANGED"
[NX v20.8.2 Daemon Server] - 2025-10-22T10:56:19.082Z - Started listening on: /private/var/folders/_n/gnnllg2n3qn46ptfbf7_0lrr0000gn/T/833631dd753f480f2750/d.sock
[NX v20.8.2 Daemon Server] - 2025-10-22T10:56:19.085Z - [WATCHER]: Subscribed to changes within: /Users/antonmazhuto/Documents/Work/cere-network/cere-ddc-sdk-js (native)
[NX v20.8.2 Daemon Server] - 2025-10-22T10:56:19.086Z - Established a connection. Number of open connections: 1
[NX v20.8.2 Daemon Server] - 2025-10-22T10:56:19.087Z - Established a connection. Number of open connections: 2
[NX v20.8.2 Daemon Server] - 2025-10-22T10:56:19.087Z - Closed a connection. Number of open connections: 1
[NX v20.8.2 Daemon Server] - 2025-10-22T10:56:19.088Z - [REQUEST]: Responding to the client. Shutdown initiated
[NX v20.8.2 Daemon Server] - 2025-10-22T10:56:19.089Z - Done responding to the client Shutdown initiated
[NX v20.8.2 Daemon Server] - 2025-10-22T10:56:19.089Z - Handled FORCE_SHUTDOWN. Handling time: 0. Response time: 1.
[NX v20.8.2 Daemon Server] - 2025-10-22T10:56:19.090Z - Closed a connection. Number of open connections: 0
[NX v20.8.2 Daemon Server] - 2025-10-22T10:56:19.091Z - [WATCHER]: Stopping the watcher for /Users/antonmazhuto/Documents/Work/cere-network/cere-ddc-sdk-js (sources)
[NX v20.8.2 Daemon Server] - 2025-10-22T10:56:19.091Z - [WATCHER]: Stopping the watcher for /Users/antonmazhuto/Documents/Work/cere-network/cere-ddc-sdk-js (outputs)
[NX v20.8.2 Daemon Server] - 2025-10-22T10:56:19.091Z - Server stopped because: "Request to shutdown"
[NX v20.8.2 Daemon Server] - 2025-10-22T10:57:27.271Z - Started listening on: /private/var/folders/_n/gnnllg2n3qn46ptfbf7_0lrr0000gn/T/833631dd753f480f2750/d.sock
[NX v20.8.2 Daemon Server] - 2025-10-22T10:57:27.274Z - [WATCHER]: Subscribed to changes within: /Users/antonmazhuto/Documents/Work/cere-network/cere-ddc-sdk-js (native)
[NX v20.8.2 Daemon Server] - 2025-10-22T10:57:27.280Z - Established a connection. Number of open connections: 1
[NX v20.8.2 Daemon Server] - 2025-10-22T10:57:27.280Z - Established a connection. Number of open connections: 2
[NX v20.8.2 Daemon Server] - 2025-10-22T10:57:27.281Z - Closed a connection. Number of open connections: 1
[NX v20.8.2 Daemon Server] - 2025-10-22T10:57:27.282Z - [REQUEST]: Client Request for Project Graph Received
[NX v20.8.2 Daemon Server] - 2025-10-22T10:57:27.290Z - [REQUEST]: Updated workspace context based on watched changes, recomputing project graph...
[NX v20.8.2 Daemon Server] - 2025-10-22T10:57:27.290Z - [REQUEST]: 
[NX v20.8.2 Daemon Server] - 2025-10-22T10:57:27.290Z - [REQUEST]: 
[NX v20.8.2 Daemon Server] - 2025-10-22T10:57:27.364Z - [SYNC]: collect registered sync generators
[NX v20.8.2 Daemon Server] - 2025-10-22T10:57:27.364Z - [REQUEST]: Responding to the client. project-graph
[NX v20.8.2 Daemon Server] - 2025-10-22T10:57:27.365Z - Time taken for 'total for creating and serializing project graph' 82.591459ms
[NX v20.8.2 Daemon Server] - 2025-10-22T10:57:27.366Z - [WATCHER]: Processing file changes in outputs
[NX v20.8.2 Daemon Server] - 2025-10-22T10:57:27.367Z - Done responding to the client project-graph
[NX v20.8.2 Daemon Server] - 2025-10-22T10:57:27.367Z - Handled REQUEST_PROJECT_GRAPH. Handling time: 82. Response time: 3.
[NX v20.8.2 Daemon Server] - 2025-10-22T10:57:27.373Z - [REQUEST]: Responding to the client. handleContextFileData
[NX v20.8.2 Daemon Server] - 2025-10-22T10:57:27.373Z - Done responding to the client handleContextFileData
[NX v20.8.2 Daemon Server] - 2025-10-22T10:57:27.373Z - Handled GET_CONTEXT_FILE_DATA. Handling time: 0. Response time: 0.
[NX v20.8.2 Daemon Server] - 2025-10-22T10:57:27.448Z - [REQUEST]: Client Request for Project Graph Received
[NX v20.8.2 Daemon Server] - 2025-10-22T10:57:27.448Z - [REQUEST]: Responding to the client. project-graph
[NX v20.8.2 Daemon Server] - 2025-10-22T10:57:27.449Z - Time taken for 'total for creating and serializing project graph' 0.18333300000000463ms
[NX v20.8.2 Daemon Server] - 2025-10-22T10:57:27.450Z - Done responding to the client project-graph
[NX v20.8.2 Daemon Server] - 2025-10-22T10:57:27.450Z - Handled REQUEST_PROJECT_GRAPH. Handling time: 0. Response time: 2.
[NX v20.8.2 Daemon Server] - 2025-10-22T10:57:27.455Z - [REQUEST]: Responding to the client. handleRunPreTasksExecution
[NX v20.8.2 Daemon Server] - 2025-10-22T10:57:27.455Z - Done responding to the client handleRunPreTasksExecution
[NX v20.8.2 Daemon Server] - 2025-10-22T10:57:27.455Z - Handled PRE_TASKS_EXECUTION. Handling time: 0. Response time: 0.
[NX v20.8.2 Daemon Server] - 2025-10-22T10:57:27.455Z - Time taken for 'preTasksExecution' 0.22983299999998508ms
[NX v20.8.2 Daemon Server] - 2025-10-22T10:57:27.495Z - [REQUEST]: Responding to the client. handleHashTasks
[NX v20.8.2 Daemon Server] - 2025-10-22T10:57:27.495Z - Done responding to the client handleHashTasks
[NX v20.8.2 Daemon Server] - 2025-10-22T10:57:27.495Z - Handled HASH_TASKS. Handling time: 12. Response time: 0.
[NX v20.8.2 Daemon Server] - 2025-10-22T10:57:27.547Z - [REQUEST]: Responding to the client. handleGetEstimatedTaskTimings
[NX v20.8.2 Daemon Server] - 2025-10-22T10:57:27.548Z - Done responding to the client handleGetEstimatedTaskTimings
[NX v20.8.2 Daemon Server] - 2025-10-22T10:57:27.548Z - Handled GET_ESTIMATED_TASK_TIMINGS. Handling time: 18. Response time: 1.
[NX v20.8.2 Daemon Server] - 2025-10-22T10:57:31.141Z - [WATCHER]: Processing file changes in outputs
[NX v20.8.2 Daemon Server] - 2025-10-22T10:57:31.453Z - [WATCHER]: Processing file changes in outputs
[NX v20.8.2 Daemon Server] - 2025-10-22T10:57:32.274Z - [WATCHER]: Processing file changes in outputs
[NX v20.8.2 Daemon Server] - 2025-10-22T10:57:32.313Z - [REQUEST]: Responding to the client. recordOutputsHash
[NX v20.8.2 Daemon Server] - 2025-10-22T10:57:32.313Z - Done responding to the client recordOutputsHash
[NX v20.8.2 Daemon Server] - 2025-10-22T10:57:32.313Z - Handled RECORD_OUTPUTS_HASH. Handling time: 4. Response time: 0.
[NX v20.8.2 Daemon Server] - 2025-10-22T10:57:32.369Z - [WATCHER]: Processing file changes in outputs
[NX v20.8.2 Daemon Server] - 2025-10-22T10:57:35.593Z - [WATCHER]: Processing file changes in outputs
[NX v20.8.2 Daemon Server] - 2025-10-22T10:57:36.767Z - [WATCHER]: Processing file changes in outputs
[NX v20.8.2 Daemon Server] - 2025-10-22T10:57:39.474Z - [WATCHER]: Processing file changes in outputs
[NX v20.8.2 Daemon Server] - 2025-10-22T10:57:39.694Z - [REQUEST]: Responding to the client. recordOutputsHash
[NX v20.8.2 Daemon Server] - 2025-10-22T10:57:39.694Z - Done responding to the client recordOutputsHash
[NX v20.8.2 Daemon Server] - 2025-10-22T10:57:39.694Z - Handled RECORD_OUTPUTS_HASH. Handling time: 4. Response time: 0.
[NX v20.8.2 Daemon Server] - 2025-10-22T10:57:39.774Z - [WATCHER]: Processing file changes in outputs
[NX v20.8.2 Daemon Server] - 2025-10-22T10:57:40.009Z - [WATCHER]: Processing file changes in outputs
[NX v20.8.2 Daemon Server] - 2025-10-22T10:57:41.861Z - [WATCHER]: Processing file changes in outputs
[NX v20.8.2 Daemon Server] - 2025-10-22T10:57:42.139Z - [WATCHER]: Processing file changes in outputs
[NX v20.8.2 Daemon Server] - 2025-10-22T10:57:42.769Z - [REQUEST]: Responding to the client. recordOutputsHash
[NX v20.8.2 Daemon Server] - 2025-10-22T10:57:42.769Z - Done responding to the client recordOutputsHash
[NX v20.8.2 Daemon Server] - 2025-10-22T10:57:42.769Z - Handled RECORD_OUTPUTS_HASH. Handling time: 3. Response time: 0.
[NX v20.8.2 Daemon Server] - 2025-10-22T10:57:42.779Z - [WATCHER]: Processing file changes in outputs
[NX v20.8.2 Daemon Server] - 2025-10-22T10:57:42.830Z - [WATCHER]: Processing file changes in outputs
[NX v20.8.2 Daemon Server] - 2025-10-22T10:57:44.896Z - [WATCHER]: Processing file changes in outputs
[NX v20.8.2 Daemon Server] - 2025-10-22T10:57:45.174Z - [WATCHER]: Processing file changes in outputs
[NX v20.8.2 Daemon Server] - 2025-10-22T10:57:45.767Z - [REQUEST]: Responding to the client. recordOutputsHash
[NX v20.8.2 Daemon Server] - 2025-10-22T10:57:45.767Z - Done responding to the client recordOutputsHash
[NX v20.8.2 Daemon Server] - 2025-10-22T10:57:45.767Z - Handled RECORD_OUTPUTS_HASH. Handling time: 4. Response time: 0.
[NX v20.8.2 Daemon Server] - 2025-10-22T10:57:45.768Z - [WATCHER]: Processing file changes in outputs
[NX v20.8.2 Daemon Server] - 2025-10-22T10:57:45.823Z - [WATCHER]: Processing file changes in outputs
[NX v20.8.2 Daemon Server] - 2025-10-22T10:57:47.655Z - [REQUEST]: Responding to the client. recordOutputsHash
[NX v20.8.2 Daemon Server] - 2025-10-22T10:57:47.655Z - Done responding to the client recordOutputsHash
[NX v20.8.2 Daemon Server] - 2025-10-22T10:57:47.655Z - Handled RECORD_OUTPUTS_HASH. Handling time: 0. Response time: 0.
[NX v20.8.2 Daemon Server] - 2025-10-22T10:57:53.951Z - [WATCHER]: Processing file changes in outputs
[NX v20.8.2 Daemon Server] - 2025-10-22T10:57:54.597Z - [WATCHER]: Processing file changes in outputs
[NX v20.8.2 Daemon Server] - 2025-10-22T10:57:54.682Z - [REQUEST]: Responding to the client. recordOutputsHash
[NX v20.8.2 Daemon Server] - 2025-10-22T10:57:54.682Z - Done responding to the client recordOutputsHash
[NX v20.8.2 Daemon Server] - 2025-10-22T10:57:54.682Z - Handled RECORD_OUTPUTS_HASH. Handling time: 5. Response time: 0.
[NX v20.8.2 Daemon Server] - 2025-10-22T10:57:54.690Z - [REQUEST]: Responding to the client. handleRecordTaskRuns
[NX v20.8.2 Daemon Server] - 2025-10-22T10:57:54.690Z - Done responding to the client handleRecordTaskRuns
[NX v20.8.2 Daemon Server] - 2025-10-22T10:57:54.690Z - Handled RECORD_TASK_RUNS. Handling time: 1. Response time: 0.
[NX v20.8.2 Daemon Server] - 2025-10-22T10:57:54.691Z - [REQUEST]: Responding to the client. handleGetFlakyTasks
[NX v20.8.2 Daemon Server] - 2025-10-22T10:57:54.691Z - Done responding to the client handleGetFlakyTasks
[NX v20.8.2 Daemon Server] - 2025-10-22T10:57:54.691Z - Handled GET_FLAKY_TASKS. Handling time: 0. Response time: 0.
[NX v20.8.2 Daemon Server] - 2025-10-22T10:57:54.696Z - [REQUEST]: Responding to the client. handleRunPostTasksExecution
[NX v20.8.2 Daemon Server] - 2025-10-22T10:57:54.697Z - Done responding to the client handleRunPostTasksExecution
[NX v20.8.2 Daemon Server] - 2025-10-22T10:57:54.697Z - Handled POST_TASKS_EXECUTION. Handling time: 1. Response time: 1.
[NX v20.8.2 Daemon Server] - 2025-10-22T10:57:54.697Z - Time taken for 'postTasksExecution' 0.5290000000022701ms
[NX v20.8.2 Daemon Server] - 2025-10-22T10:57:54.710Z - Closed a connection. Number of open connections: 0
[NX v20.8.2 Daemon Server] - 2025-10-22T10:57:54.740Z - [WATCHER]: Processing file changes in outputs
[NX v20.8.2 Daemon Server] - 2025-10-22T10:59:21.014Z - [WATCHER]: packages/cli/src/deposit.ts was modified
[NX v20.8.2 Daemon Server] - 2025-10-22T10:59:21.015Z - [WATCHER]: Processing file changes in outputs
[NX v20.8.2 Daemon Server] - 2025-10-22T10:59:21.116Z - [REQUEST]: Updated workspace context based on watched changes, recomputing project graph...
[NX v20.8.2 Daemon Server] - 2025-10-22T10:59:21.116Z - [REQUEST]: packages/cli/src/deposit.ts
[NX v20.8.2 Daemon Server] - 2025-10-22T10:59:21.116Z - [REQUEST]: 
[NX v20.8.2 Daemon Server] - 2025-10-22T10:59:21.262Z - [SYNC]: collect registered sync generators
[NX v20.8.2 Daemon Server] - 2025-10-22T10:59:21.262Z - [SYNC]: project graph hash is the same, not collecting task sync generators
[NX v20.8.2 Daemon Server] - 2025-10-22T10:59:21.262Z - [SYNC]: nx.json hash is the same, not collecting global sync generators
[NX v20.8.2 Daemon Server] - 2025-10-22T10:59:21.262Z - Time taken for 'hash changed files from watcher' 0.23395799999707378ms
[NX v20.8.2 Daemon Server] - 2025-10-22T10:59:28.808Z - Established a connection. Number of open connections: 1
[NX v20.8.2 Daemon Server] - 2025-10-22T10:59:28.809Z - Established a connection. Number of open connections: 2
[NX v20.8.2 Daemon Server] - 2025-10-22T10:59:28.809Z - Closed a connection. Number of open connections: 1
[NX v20.8.2 Daemon Server] - 2025-10-22T10:59:28.809Z - [REQUEST]: Client Request for Project Graph Received
[NX v20.8.2 Daemon Server] - 2025-10-22T10:59:28.810Z - [REQUEST]: Responding to the client. project-graph
[NX v20.8.2 Daemon Server] - 2025-10-22T10:59:28.810Z - Time taken for 'total for creating and serializing project graph' 0.20625000000291038ms
[NX v20.8.2 Daemon Server] - 2025-10-22T10:59:28.812Z - Done responding to the client project-graph
[NX v20.8.2 Daemon Server] - 2025-10-22T10:59:28.812Z - Handled REQUEST_PROJECT_GRAPH. Handling time: 0. Response time: 3.
[NX v20.8.2 Daemon Server] - 2025-10-22T10:59:28.817Z - [REQUEST]: Responding to the client. handleContextFileData
[NX v20.8.2 Daemon Server] - 2025-10-22T10:59:28.818Z - Done responding to the client handleContextFileData
[NX v20.8.2 Daemon Server] - 2025-10-22T10:59:28.818Z - Handled GET_CONTEXT_FILE_DATA. Handling time: 0. Response time: 1.
[NX v20.8.2 Daemon Server] - 2025-10-22T10:59:28.900Z - [REQUEST]: Client Request for Project Graph Received
[NX v20.8.2 Daemon Server] - 2025-10-22T10:59:28.900Z - [REQUEST]: Responding to the client. project-graph
[NX v20.8.2 Daemon Server] - 2025-10-22T10:59:28.901Z - Time taken for 'total for creating and serializing project graph' 0.16675000000395812ms
[NX v20.8.2 Daemon Server] - 2025-10-22T10:59:28.902Z - Done responding to the client project-graph
[NX v20.8.2 Daemon Server] - 2025-10-22T10:59:28.902Z - Handled REQUEST_PROJECT_GRAPH. Handling time: 0. Response time: 2.
[NX v20.8.2 Daemon Server] - 2025-10-22T10:59:28.907Z - [REQUEST]: Responding to the client. handleRunPreTasksExecution
[NX v20.8.2 Daemon Server] - 2025-10-22T10:59:28.907Z - Done responding to the client handleRunPreTasksExecution
[NX v20.8.2 Daemon Server] - 2025-10-22T10:59:28.907Z - Handled PRE_TASKS_EXECUTION. Handling time: 1. Response time: 0.
[NX v20.8.2 Daemon Server] - 2025-10-22T10:59:28.907Z - Time taken for 'preTasksExecution' 0.09929100000590552ms
[NX v20.8.2 Daemon Server] - 2025-10-22T10:59:28.941Z - [REQUEST]: Responding to the client. handleHashTasks
[NX v20.8.2 Daemon Server] - 2025-10-22T10:59:28.941Z - Done responding to the client handleHashTasks
[NX v20.8.2 Daemon Server] - 2025-10-22T10:59:28.941Z - Handled HASH_TASKS. Handling time: 11. Response time: 0.
[NX v20.8.2 Daemon Server] - 2025-10-22T10:59:28.974Z - [REQUEST]: Responding to the client. handleGetEstimatedTaskTimings
[NX v20.8.2 Daemon Server] - 2025-10-22T10:59:28.974Z - Done responding to the client handleGetEstimatedTaskTimings
[NX v20.8.2 Daemon Server] - 2025-10-22T10:59:28.974Z - Handled GET_ESTIMATED_TASK_TIMINGS. Handling time: 1. Response time: 0.
[NX v20.8.2 Daemon Server] - 2025-10-22T10:59:28.979Z - [REQUEST]: Responding to the client. outputsHashesMatch
[NX v20.8.2 Daemon Server] - 2025-10-22T10:59:28.979Z - Done responding to the client outputsHashesMatch
[NX v20.8.2 Daemon Server] - 2025-10-22T10:59:28.979Z - Handled OUTPUTS_HASHES_MATCH. Handling time: 3. Response time: 0.
[NX v20.8.2 Daemon Server] - 2025-10-22T10:59:28.982Z - [REQUEST]: Responding to the client. recordOutputsHash
[NX v20.8.2 Daemon Server] - 2025-10-22T10:59:28.982Z - Done responding to the client recordOutputsHash
[NX v20.8.2 Daemon Server] - 2025-10-22T10:59:28.982Z - Handled RECORD_OUTPUTS_HASH. Handling time: 2. Response time: 0.
[NX v20.8.2 Daemon Server] - 2025-10-22T10:59:28.987Z - [REQUEST]: Responding to the client. outputsHashesMatch
[NX v20.8.2 Daemon Server] - 2025-10-22T10:59:28.987Z - Done responding to the client outputsHashesMatch
[NX v20.8.2 Daemon Server] - 2025-10-22T10:59:28.987Z - Handled OUTPUTS_HASHES_MATCH. Handling time: 4. Response time: 0.
[NX v20.8.2 Daemon Server] - 2025-10-22T10:59:28.991Z - [REQUEST]: Responding to the client. recordOutputsHash
[NX v20.8.2 Daemon Server] - 2025-10-22T10:59:28.991Z - Done responding to the client recordOutputsHash
[NX v20.8.2 Daemon Server] - 2025-10-22T10:59:28.991Z - Handled RECORD_OUTPUTS_HASH. Handling time: 3. Response time: 0.
[NX v20.8.2 Daemon Server] - 2025-10-22T10:59:28.995Z - [REQUEST]: Responding to the client. outputsHashesMatch
[NX v20.8.2 Daemon Server] - 2025-10-22T10:59:28.995Z - Done responding to the client outputsHashesMatch
[NX v20.8.2 Daemon Server] - 2025-10-22T10:59:28.995Z - Handled OUTPUTS_HASHES_MATCH. Handling time: 3. Response time: 0.
[NX v20.8.2 Daemon Server] - 2025-10-22T10:59:28.999Z - [REQUEST]: Responding to the client. recordOutputsHash
[NX v20.8.2 Daemon Server] - 2025-10-22T10:59:28.999Z - Done responding to the client recordOutputsHash
[NX v20.8.2 Daemon Server] - 2025-10-22T10:59:28.999Z - Handled RECORD_OUTPUTS_HASH. Handling time: 3. Response time: 0.
[NX v20.8.2 Daemon Server] - 2025-10-22T10:59:29.001Z - [REQUEST]: Responding to the client. outputsHashesMatch
[NX v20.8.2 Daemon Server] - 2025-10-22T10:59:29.002Z - Done responding to the client outputsHashesMatch
[NX v20.8.2 Daemon Server] - 2025-10-22T10:59:29.002Z - Handled OUTPUTS_HASHES_MATCH. Handling time: 1. Response time: 1.
[NX v20.8.2 Daemon Server] - 2025-10-22T10:59:29.005Z - [REQUEST]: Responding to the client. recordOutputsHash
[NX v20.8.2 Daemon Server] - 2025-10-22T10:59:29.005Z - Done responding to the client recordOutputsHash
[NX v20.8.2 Daemon Server] - 2025-10-22T10:59:29.005Z - Handled RECORD_OUTPUTS_HASH. Handling time: 3. Response time: 0.
[NX v20.8.2 Daemon Server] - 2025-10-22T10:59:29.012Z - [REQUEST]: Responding to the client. outputsHashesMatch
[NX v20.8.2 Daemon Server] - 2025-10-22T10:59:29.013Z - Done responding to the client outputsHashesMatch
[NX v20.8.2 Daemon Server] - 2025-10-22T10:59:29.013Z - Handled OUTPUTS_HASHES_MATCH. Handling time: 5. Response time: 1.
[NX v20.8.2 Daemon Server] - 2025-10-22T10:59:29.018Z - [REQUEST]: Responding to the client. recordOutputsHash
[NX v20.8.2 Daemon Server] - 2025-10-22T10:59:29.018Z - Done responding to the client recordOutputsHash
[NX v20.8.2 Daemon Server] - 2025-10-22T10:59:29.018Z - Handled RECORD_OUTPUTS_HASH. Handling time: 5. Response time: 0.
[NX v20.8.2 Daemon Server] - 2025-10-22T10:59:31.674Z - [WATCHER]: Processing file changes in outputs
[NX v20.8.2 Daemon Server] - 2025-10-22T10:59:32.745Z - [REQUEST]: Responding to the client. recordOutputsHash
[NX v20.8.2 Daemon Server] - 2025-10-22T10:59:32.745Z - Done responding to the client recordOutputsHash
[NX v20.8.2 Daemon Server] - 2025-10-22T10:59:32.745Z - Handled RECORD_OUTPUTS_HASH. Handling time: 2. Response time: 0.
[NX v20.8.2 Daemon Server] - 2025-10-22T10:59:32.747Z - [WATCHER]: Processing file changes in outputs
[NX v20.8.2 Daemon Server] - 2025-10-22T10:59:32.752Z - [REQUEST]: Responding to the client. handleRecordTaskRuns
[NX v20.8.2 Daemon Server] - 2025-10-22T10:59:32.752Z - Done responding to the client handleRecordTaskRuns
[NX v20.8.2 Daemon Server] - 2025-10-22T10:59:32.752Z - Handled RECORD_TASK_RUNS. Handling time: 0. Response time: 0.
[NX v20.8.2 Daemon Server] - 2025-10-22T10:59:32.753Z - [REQUEST]: Responding to the client. handleGetFlakyTasks
[NX v20.8.2 Daemon Server] - 2025-10-22T10:59:32.754Z - Done responding to the client handleGetFlakyTasks
[NX v20.8.2 Daemon Server] - 2025-10-22T10:59:32.754Z - Handled GET_FLAKY_TASKS. Handling time: 0. Response time: 1.
[NX v20.8.2 Daemon Server] - 2025-10-22T10:59:32.758Z - [REQUEST]: Responding to the client. handleRunPostTasksExecution
[NX v20.8.2 Daemon Server] - 2025-10-22T10:59:32.762Z - Done responding to the client handleRunPostTasksExecution
[NX v20.8.2 Daemon Server] - 2025-10-22T10:59:32.762Z - Handled POST_TASKS_EXECUTION. Handling time: 0. Response time: 4.
[NX v20.8.2 Daemon Server] - 2025-10-22T10:59:32.762Z - Time taken for 'postTasksExecution' 0.07570800000394229ms
[NX v20.8.2 Daemon Server] - 2025-10-22T10:59:32.768Z - Closed a connection. Number of open connections: 0
[NX v20.8.2 Daemon Server] - 2025-10-22T10:59:32.802Z - [WATCHER]: Processing file changes in outputs
[NX v20.8.2 Daemon Server] - 2025-10-22T11:02:07.560Z - [WATCHER]: Processing file changes in outputs
[NX v20.8.2 Daemon Server] - 2025-10-22T11:02:07.563Z - [WATCHER]: 0 file(s) created or restored, 6 file(s) modified, 0 file(s) deleted
[NX v20.8.2 Daemon Server] - 2025-10-22T11:02:07.665Z - [REQUEST]: Updated workspace context based on watched changes, recomputing project graph...
[NX v20.8.2 Daemon Server] - 2025-10-22T11:02:07.665Z - [REQUEST]: packages/ddc/src/streams/streams.web.ts,packages/ddc-client/package.json,packages/ddc/package.json,packages/cli/package.json,packages/cli/src/deposit.ts,packages/file-storage/package.json
[NX v20.8.2 Daemon Server] - 2025-10-22T11:02:07.665Z - [REQUEST]: 
[NX v20.8.2 Daemon Server] - 2025-10-22T11:02:07.730Z - [SYNC]: collect registered sync generators
[NX v20.8.2 Daemon Server] - 2025-10-22T11:02:07.731Z - [SYNC]: project graph hash is the same, not collecting task sync generators
[NX v20.8.2 Daemon Server] - 2025-10-22T11:02:07.731Z - [SYNC]: nx.json hash is the same, not collecting global sync generators
[NX v20.8.2 Daemon Server] - 2025-10-22T11:02:07.733Z - Time taken for 'hash changed files from watcher' 0.5329590000328608ms
[NX v20.8.2 Daemon Server] - 2025-10-22T11:02:47.723Z - [WATCHER]: packages/cli/src/deposit.ts was modified
[NX v20.8.2 Daemon Server] - 2025-10-22T11:02:47.724Z - [WATCHER]: Processing file changes in outputs
[NX v20.8.2 Daemon Server] - 2025-10-22T11:02:47.924Z - [REQUEST]: Updated workspace context based on watched changes, recomputing project graph...
[NX v20.8.2 Daemon Server] - 2025-10-22T11:02:47.925Z - [REQUEST]: packages/cli/src/deposit.ts
[NX v20.8.2 Daemon Server] - 2025-10-22T11:02:47.925Z - [REQUEST]: 
[NX v20.8.2 Daemon Server] - 2025-10-22T11:02:47.963Z - [SYNC]: collect registered sync generators
[NX v20.8.2 Daemon Server] - 2025-10-22T11:02:47.964Z - [SYNC]: project graph hash is the same, not collecting task sync generators
[NX v20.8.2 Daemon Server] - 2025-10-22T11:02:47.964Z - [SYNC]: nx.json hash is the same, not collecting global sync generators
[NX v20.8.2 Daemon Server] - 2025-10-22T11:02:47.966Z - Time taken for 'hash changed files from watcher' 0.6447500000358559ms
[NX v20.8.2 Daemon Server] - 2025-10-22T11:02:54.137Z - Established a connection. Number of open connections: 1
[NX v20.8.2 Daemon Server] - 2025-10-22T11:02:54.138Z - Closed a connection. Number of open connections: 0
[NX v20.8.2 Daemon Server] - 2025-10-22T11:02:54.138Z - Established a connection. Number of open connections: 1
[NX v20.8.2 Daemon Server] - 2025-10-22T11:02:54.139Z - [REQUEST]: Client Request for Project Graph Received
[NX v20.8.2 Daemon Server] - 2025-10-22T11:02:54.139Z - [REQUEST]: Responding to the client. project-graph
[NX v20.8.2 Daemon Server] - 2025-10-22T11:02:54.140Z - Time taken for 'total for creating and serializing project graph' 0.1586249999818392ms
[NX v20.8.2 Daemon Server] - 2025-10-22T11:02:54.141Z - Done responding to the client project-graph
[NX v20.8.2 Daemon Server] - 2025-10-22T11:02:54.141Z - Handled REQUEST_PROJECT_GRAPH. Handling time: 0. Response time: 2.
[NX v20.8.2 Daemon Server] - 2025-10-22T11:02:54.147Z - [REQUEST]: Responding to the client. handleContextFileData
[NX v20.8.2 Daemon Server] - 2025-10-22T11:02:54.148Z - Done responding to the client handleContextFileData
[NX v20.8.2 Daemon Server] - 2025-10-22T11:02:54.148Z - Handled GET_CONTEXT_FILE_DATA. Handling time: 0. Response time: 1.
[NX v20.8.2 Daemon Server] - 2025-10-22T11:02:54.229Z - [REQUEST]: Client Request for Project Graph Received
[NX v20.8.2 Daemon Server] - 2025-10-22T11:02:54.230Z - [REQUEST]: Responding to the client. project-graph
[NX v20.8.2 Daemon Server] - 2025-10-22T11:02:54.230Z - Time taken for 'total for creating and serializing project graph' 0.19641700002830476ms
[NX v20.8.2 Daemon Server] - 2025-10-22T11:02:54.232Z - Done responding to the client project-graph
[NX v20.8.2 Daemon Server] - 2025-10-22T11:02:54.232Z - Handled REQUEST_PROJECT_GRAPH. Handling time: 1. Response time: 2.
[NX v20.8.2 Daemon Server] - 2025-10-22T11:02:54.236Z - [REQUEST]: Responding to the client. handleRunPreTasksExecution
[NX v20.8.2 Daemon Server] - 2025-10-22T11:02:54.236Z - Done responding to the client handleRunPreTasksExecution
[NX v20.8.2 Daemon Server] - 2025-10-22T11:02:54.236Z - Handled PRE_TASKS_EXECUTION. Handling time: 0. Response time: 0.
[NX v20.8.2 Daemon Server] - 2025-10-22T11:02:54.236Z - Time taken for 'preTasksExecution' 0.07070899999234825ms
[NX v20.8.2 Daemon Server] - 2025-10-22T11:02:54.273Z - [REQUEST]: Responding to the client. handleHashTasks
[NX v20.8.2 Daemon Server] - 2025-10-22T11:02:54.273Z - Done responding to the client handleHashTasks
[NX v20.8.2 Daemon Server] - 2025-10-22T11:02:54.273Z - Handled HASH_TASKS. Handling time: 13. Response time: 0.
[NX v20.8.2 Daemon Server] - 2025-10-22T11:02:54.304Z - [REQUEST]: Responding to the client. handleGetEstimatedTaskTimings
[NX v20.8.2 Daemon Server] - 2025-10-22T11:02:54.304Z - Done responding to the client handleGetEstimatedTaskTimings
[NX v20.8.2 Daemon Server] - 2025-10-22T11:02:54.304Z - Handled GET_ESTIMATED_TASK_TIMINGS. Handling time: 0. Response time: 0.
[NX v20.8.2 Daemon Server] - 2025-10-22T11:02:54.308Z - [REQUEST]: Responding to the client. outputsHashesMatch
[NX v20.8.2 Daemon Server] - 2025-10-22T11:02:54.309Z - Done responding to the client outputsHashesMatch
[NX v20.8.2 Daemon Server] - 2025-10-22T11:02:54.309Z - Handled OUTPUTS_HASHES_MATCH. Handling time: 2. Response time: 1.
[NX v20.8.2 Daemon Server] - 2025-10-22T11:02:54.311Z - [REQUEST]: Responding to the client. recordOutputsHash
[NX v20.8.2 Daemon Server] - 2025-10-22T11:02:54.311Z - Done responding to the client recordOutputsHash
[NX v20.8.2 Daemon Server] - 2025-10-22T11:02:54.311Z - Handled RECORD_OUTPUTS_HASH. Handling time: 2. Response time: 0.
[NX v20.8.2 Daemon Server] - 2025-10-22T11:02:58.147Z - [WATCHER]: Processing file changes in outputs
[NX v20.8.2 Daemon Server] - 2025-10-22T11:02:59.220Z - [WATCHER]: Processing file changes in outputs
[NX v20.8.2 Daemon Server] - 2025-10-22T11:03:01.850Z - [WATCHER]: Processing file changes in outputs
[NX v20.8.2 Daemon Server] - 2025-10-22T11:03:02.070Z - [REQUEST]: Responding to the client. recordOutputsHash
[NX v20.8.2 Daemon Server] - 2025-10-22T11:03:02.070Z - Done responding to the client recordOutputsHash
[NX v20.8.2 Daemon Server] - 2025-10-22T11:03:02.070Z - Handled RECORD_OUTPUTS_HASH. Handling time: 5. Response time: 0.
[NX v20.8.2 Daemon Server] - 2025-10-22T11:03:02.133Z - [WATCHER]: Processing file changes in outputs
[NX v20.8.2 Daemon Server] - 2025-10-22T11:03:04.298Z - [WATCHER]: Processing file changes in outputs
[NX v20.8.2 Daemon Server] - 2025-10-22T11:03:04.669Z - [WATCHER]: Processing file changes in outputs
[NX v20.8.2 Daemon Server] - 2025-10-22T11:03:05.206Z - [REQUEST]: Responding to the client. recordOutputsHash
[NX v20.8.2 Daemon Server] - 2025-10-22T11:03:05.206Z - Done responding to the client recordOutputsHash
[NX v20.8.2 Daemon Server] - 2025-10-22T11:03:05.206Z - Handled RECORD_OUTPUTS_HASH. Handling time: 3. Response time: 0.
[NX v20.8.2 Daemon Server] - 2025-10-22T11:03:05.213Z - [WATCHER]: Processing file changes in outputs
[NX v20.8.2 Daemon Server] - 2025-10-22T11:03:05.265Z - [WATCHER]: Processing file changes in outputs
[NX v20.8.2 Daemon Server] - 2025-10-22T11:03:07.193Z - [WATCHER]: Processing file changes in outputs
[NX v20.8.2 Daemon Server] - 2025-10-22T11:03:07.445Z - [WATCHER]: Processing file changes in outputs
[NX v20.8.2 Daemon Server] - 2025-10-22T11:03:08.052Z - [REQUEST]: Responding to the client. recordOutputsHash
[NX v20.8.2 Daemon Server] - 2025-10-22T11:03:08.052Z - Done responding to the client recordOutputsHash
[NX v20.8.2 Daemon Server] - 2025-10-22T11:03:08.052Z - Handled RECORD_OUTPUTS_HASH. Handling time: 3. Response time: 0.
[NX v20.8.2 Daemon Server] - 2025-10-22T11:03:08.062Z - [WATCHER]: Processing file changes in outputs
[NX v20.8.2 Daemon Server] - 2025-10-22T11:03:08.117Z - [WATCHER]: Processing file changes in outputs
[NX v20.8.2 Daemon Server] - 2025-10-22T11:03:09.824Z - [REQUEST]: Responding to the client. recordOutputsHash
[NX v20.8.2 Daemon Server] - 2025-10-22T11:03:09.824Z - Done responding to the client recordOutputsHash
[NX v20.8.2 Daemon Server] - 2025-10-22T11:03:09.824Z - Handled RECORD_OUTPUTS_HASH. Handling time: 4. Response time: 0.
[NX v20.8.2 Daemon Server] - 2025-10-22T11:03:15.533Z - [WATCHER]: Processing file changes in outputs
[NX v20.8.2 Daemon Server] - 2025-10-22T11:03:16.147Z - [WATCHER]: Processing file changes in outputs
[NX v20.8.2 Daemon Server] - 2025-10-22T11:03:16.246Z - [REQUEST]: Responding to the client. recordOutputsHash
[NX v20.8.2 Daemon Server] - 2025-10-22T11:03:16.247Z - Done responding to the client recordOutputsHash
[NX v20.8.2 Daemon Server] - 2025-10-22T11:03:16.247Z - Handled RECORD_OUTPUTS_HASH. Handling time: 5. Response time: 1.
[NX v20.8.2 Daemon Server] - 2025-10-22T11:03:16.250Z - [REQUEST]: Responding to the client. handleRecordTaskRuns
[NX v20.8.2 Daemon Server] - 2025-10-22T11:03:16.250Z - Done responding to the client handleRecordTaskRuns
[NX v20.8.2 Daemon Server] - 2025-10-22T11:03:16.250Z - Handled RECORD_TASK_RUNS. Handling time: 1. Response time: 0.
[NX v20.8.2 Daemon Server] - 2025-10-22T11:03:16.250Z - [REQUEST]: Responding to the client. handleGetFlakyTasks
[NX v20.8.2 Daemon Server] - 2025-10-22T11:03:16.250Z - Done responding to the client handleGetFlakyTasks
[NX v20.8.2 Daemon Server] - 2025-10-22T11:03:16.250Z - Handled GET_FLAKY_TASKS. Handling time: 0. Response time: 0.
[NX v20.8.2 Daemon Server] - 2025-10-22T11:03:16.253Z - [REQUEST]: Responding to the client. handleRunPostTasksExecution
[NX v20.8.2 Daemon Server] - 2025-10-22T11:03:16.253Z - Done responding to the client handleRunPostTasksExecution
[NX v20.8.2 Daemon Server] - 2025-10-22T11:03:16.253Z - Handled POST_TASKS_EXECUTION. Handling time: 0. Response time: 0.
[NX v20.8.2 Daemon Server] - 2025-10-22T11:03:16.253Z - Time taken for 'postTasksExecution' 0.08716699999058619ms
[NX v20.8.2 Daemon Server] - 2025-10-22T11:03:16.260Z - Closed a connection. Number of open connections: 0
[NX v20.8.2 Daemon Server] - 2025-10-22T11:03:16.302Z - [WATCHER]: Processing file changes in outputs
[NX v20.8.2 Daemon Server] - 2025-10-22T11:03:41.423Z - [WATCHER]: Processing file changes in outputs
[NX v20.8.2 Daemon Server] - 2025-10-22T11:03:41.424Z - [WATCHER]: Stopping the watcher for /Users/antonmazhuto/Documents/Work/cere-network/cere-ddc-sdk-js (sources)
[NX v20.8.2 Daemon Server] - 2025-10-22T11:03:41.424Z - [WATCHER]: Stopping the watcher for /Users/antonmazhuto/Documents/Work/cere-network/cere-ddc-sdk-js (outputs)
[NX v20.8.2 Daemon Server] - 2025-10-22T11:03:41.426Z - Server stopped because: "LOCK_FILES_CHANGED"
[NX v20.8.2 Daemon Server] - 2025-10-22T11:05:30.862Z - Started listening on: /private/var/folders/_n/gnnllg2n3qn46ptfbf7_0lrr0000gn/T/833631dd753f480f2750/d.sock
[NX v20.8.2 Daemon Server] - 2025-10-22T11:05:30.865Z - [WATCHER]: Subscribed to changes within: /Users/antonmazhuto/Documents/Work/cere-network/cere-ddc-sdk-js (native)
[NX v20.8.2 Daemon Server] - 2025-10-22T11:05:30.869Z - Established a connection. Number of open connections: 1
[NX v20.8.2 Daemon Server] - 2025-10-22T11:05:30.870Z - Established a connection. Number of open connections: 2
[NX v20.8.2 Daemon Server] - 2025-10-22T11:05:30.871Z - Closed a connection. Number of open connections: 1
[NX v20.8.2 Daemon Server] - 2025-10-22T11:05:30.871Z - [REQUEST]: Responding to the client. Shutdown initiated
[NX v20.8.2 Daemon Server] - 2025-10-22T11:05:30.872Z - Done responding to the client Shutdown initiated
[NX v20.8.2 Daemon Server] - 2025-10-22T11:05:30.872Z - Handled FORCE_SHUTDOWN. Handling time: 0. Response time: 1.
[NX v20.8.2 Daemon Server] - 2025-10-22T11:05:30.872Z - Closed a connection. Number of open connections: 0
[NX v20.8.2 Daemon Server] - 2025-10-22T11:05:30.872Z - [WATCHER]: Stopping the watcher for /Users/antonmazhuto/Documents/Work/cere-network/cere-ddc-sdk-js (sources)
[NX v20.8.2 Daemon Server] - 2025-10-22T11:05:30.872Z - [WATCHER]: Stopping the watcher for /Users/antonmazhuto/Documents/Work/cere-network/cere-ddc-sdk-js (outputs)
[NX v20.8.2 Daemon Server] - 2025-10-22T11:05:30.873Z - Server stopped because: "Request to shutdown"
[NX v20.8.2 Daemon Server] - 2025-10-22T11:05:54.157Z - Started listening on: /private/var/folders/_n/gnnllg2n3qn46ptfbf7_0lrr0000gn/T/833631dd753f480f2750/d.sock
[NX v20.8.2 Daemon Server] - 2025-10-22T11:05:54.163Z - [WATCHER]: Subscribed to changes within: /Users/antonmazhuto/Documents/Work/cere-network/cere-ddc-sdk-js (native)
[NX v20.8.2 Daemon Server] - 2025-10-22T11:05:54.167Z - Established a connection. Number of open connections: 1
[NX v20.8.2 Daemon Server] - 2025-10-22T11:05:54.168Z - Established a connection. Number of open connections: 2
[NX v20.8.2 Daemon Server] - 2025-10-22T11:05:54.168Z - Closed a connection. Number of open connections: 1
[NX v20.8.2 Daemon Server] - 2025-10-22T11:05:54.169Z - [REQUEST]: Client Request for Project Graph Received
[NX v20.8.2 Daemon Server] - 2025-10-22T11:05:54.179Z - [REQUEST]: Updated workspace context based on watched changes, recomputing project graph...
[NX v20.8.2 Daemon Server] - 2025-10-22T11:05:54.179Z - [REQUEST]: 
[NX v20.8.2 Daemon Server] - 2025-10-22T11:05:54.179Z - [REQUEST]: 
[NX v20.8.2 Daemon Server] - 2025-10-22T11:05:54.251Z - [SYNC]: collect registered sync generators
[NX v20.8.2 Daemon Server] - 2025-10-22T11:05:54.252Z - [REQUEST]: Responding to the client. project-graph
[NX v20.8.2 Daemon Server] - 2025-10-22T11:05:54.253Z - Time taken for 'total for creating and serializing project graph' 82.65570799999999ms
[NX v20.8.2 Daemon Server] - 2025-10-22T11:05:54.255Z - Done responding to the client project-graph
[NX v20.8.2 Daemon Server] - 2025-10-22T11:05:54.255Z - Handled REQUEST_PROJECT_GRAPH. Handling time: 83. Response time: 3.
[NX v20.8.2 Daemon Server] - 2025-10-22T11:05:54.260Z - [REQUEST]: Responding to the client. handleContextFileData
[NX v20.8.2 Daemon Server] - 2025-10-22T11:05:54.261Z - Done responding to the client handleContextFileData
[NX v20.8.2 Daemon Server] - 2025-10-22T11:05:54.261Z - Handled GET_CONTEXT_FILE_DATA. Handling time: 0. Response time: 1.
[NX v20.8.2 Daemon Server] - 2025-10-22T11:05:54.340Z - [REQUEST]: Client Request for Project Graph Received
[NX v20.8.2 Daemon Server] - 2025-10-22T11:05:54.341Z - [REQUEST]: Responding to the client. project-graph
[NX v20.8.2 Daemon Server] - 2025-10-22T11:05:54.341Z - Time taken for 'total for creating and serializing project graph' 0.23974999999995816ms
[NX v20.8.2 Daemon Server] - 2025-10-22T11:05:54.343Z - Done responding to the client project-graph
[NX v20.8.2 Daemon Server] - 2025-10-22T11:05:54.343Z - Handled REQUEST_PROJECT_GRAPH. Handling time: 1. Response time: 2.
[NX v20.8.2 Daemon Server] - 2025-10-22T11:05:54.348Z - [REQUEST]: Responding to the client. handleRunPreTasksExecution
[NX v20.8.2 Daemon Server] - 2025-10-22T11:05:54.348Z - Done responding to the client handleRunPreTasksExecution
[NX v20.8.2 Daemon Server] - 2025-10-22T11:05:54.348Z - Handled PRE_TASKS_EXECUTION. Handling time: 1. Response time: 0.
[NX v20.8.2 Daemon Server] - 2025-10-22T11:05:54.348Z - Time taken for 'preTasksExecution' 0.26545899999996436ms
[NX v20.8.2 Daemon Server] - 2025-10-22T11:05:54.393Z - [REQUEST]: Responding to the client. handleHashTasks
[NX v20.8.2 Daemon Server] - 2025-10-22T11:05:54.393Z - Done responding to the client handleHashTasks
[NX v20.8.2 Daemon Server] - 2025-10-22T11:05:54.393Z - Handled HASH_TASKS. Handling time: 14. Response time: 0.
[NX v20.8.2 Daemon Server] - 2025-10-22T11:05:54.573Z - [REQUEST]: Responding to the client. handleGetEstimatedTaskTimings
[NX v20.8.2 Daemon Server] - 2025-10-22T11:05:54.573Z - Done responding to the client handleGetEstimatedTaskTimings
[NX v20.8.2 Daemon Server] - 2025-10-22T11:05:54.573Z - Handled GET_ESTIMATED_TASK_TIMINGS. Handling time: 25. Response time: 0.
[NX v20.8.2 Daemon Server] - 2025-10-22T11:05:58.202Z - [WATCHER]: Processing file changes in outputs
[NX v20.8.2 Daemon Server] - 2025-10-22T11:05:58.479Z - [WATCHER]: Processing file changes in outputs
[NX v20.8.2 Daemon Server] - 2025-10-22T11:05:59.292Z - [WATCHER]: Processing file changes in outputs
[NX v20.8.2 Daemon Server] - 2025-10-22T11:05:59.334Z - [REQUEST]: Responding to the client. recordOutputsHash
[NX v20.8.2 Daemon Server] - 2025-10-22T11:05:59.334Z - Done responding to the client recordOutputsHash
[NX v20.8.2 Daemon Server] - 2025-10-22T11:05:59.334Z - Handled RECORD_OUTPUTS_HASH. Handling time: 4. Response time: 0.
[NX v20.8.2 Daemon Server] - 2025-10-22T11:05:59.392Z - [WATCHER]: Processing file changes in outputs
[NX v20.8.2 Daemon Server] - 2025-10-22T11:06:02.695Z - [WATCHER]: Processing file changes in outputs
[NX v20.8.2 Daemon Server] - 2025-10-22T11:06:02.747Z - [WATCHER]: Processing file changes in outputs
[NX v20.8.2 Daemon Server] - 2025-10-22T11:06:04.211Z - [WATCHER]: Processing file changes in outputs
[NX v20.8.2 Daemon Server] - 2025-10-22T11:06:06.772Z - [WATCHER]: Processing file changes in outputs
[NX v20.8.2 Daemon Server] - 2025-10-22T11:06:07.002Z - [REQUEST]: Responding to the client. recordOutputsHash
[NX v20.8.2 Daemon Server] - 2025-10-22T11:06:07.002Z - Done responding to the client recordOutputsHash
[NX v20.8.2 Daemon Server] - 2025-10-22T11:06:07.002Z - Handled RECORD_OUTPUTS_HASH. Handling time: 5. Response time: 0.
[NX v20.8.2 Daemon Server] - 2025-10-22T11:06:07.055Z - [WATCHER]: Processing file changes in outputs
[NX v20.8.2 Daemon Server] - 2025-10-22T11:06:09.175Z - [WATCHER]: Processing file changes in outputs
[NX v20.8.2 Daemon Server] - 2025-10-22T11:06:09.541Z - [WATCHER]: Processing file changes in outputs
[NX v20.8.2 Daemon Server] - 2025-10-22T11:06:10.063Z - [REQUEST]: Responding to the client. recordOutputsHash
[NX v20.8.2 Daemon Server] - 2025-10-22T11:06:10.063Z - Done responding to the client recordOutputsHash
[NX v20.8.2 Daemon Server] - 2025-10-22T11:06:10.063Z - Handled RECORD_OUTPUTS_HASH. Handling time: 2. Response time: 0.
[NX v20.8.2 Daemon Server] - 2025-10-22T11:06:10.073Z - [WATCHER]: Processing file changes in outputs
[NX v20.8.2 Daemon Server] - 2025-10-22T11:06:10.125Z - [WATCHER]: Processing file changes in outputs
[NX v20.8.2 Daemon Server] - 2025-10-22T11:06:11.980Z - [WATCHER]: Processing file changes in outputs
[NX v20.8.2 Daemon Server] - 2025-10-22T11:06:12.236Z - [WATCHER]: Processing file changes in outputs
[NX v20.8.2 Daemon Server] - 2025-10-22T11:06:12.853Z - [REQUEST]: Responding to the client. recordOutputsHash
[NX v20.8.2 Daemon Server] - 2025-10-22T11:06:12.853Z - Done responding to the client recordOutputsHash
[NX v20.8.2 Daemon Server] - 2025-10-22T11:06:12.853Z - Handled RECORD_OUTPUTS_HASH. Handling time: 3. Response time: 0.
[NX v20.8.2 Daemon Server] - 2025-10-22T11:06:12.862Z - [WATCHER]: Processing file changes in outputs
[NX v20.8.2 Daemon Server] - 2025-10-22T11:06:12.913Z - [WATCHER]: Processing file changes in outputs
[NX v20.8.2 Daemon Server] - 2025-10-22T11:06:15.039Z - [WATCHER]: Processing file changes in outputs
[NX v20.8.2 Daemon Server] - 2025-10-22T11:06:16.216Z - [REQUEST]: Responding to the client. recordOutputsHash
[NX v20.8.2 Daemon Server] - 2025-10-22T11:06:16.216Z - Done responding to the client recordOutputsHash
[NX v20.8.2 Daemon Server] - 2025-10-22T11:06:16.216Z - Handled RECORD_OUTPUTS_HASH. Handling time: 4. Response time: 0.
[NX v20.8.2 Daemon Server] - 2025-10-22T11:06:16.216Z - [WATCHER]: Processing file changes in outputs
[NX v20.8.2 Daemon Server] - 2025-10-22T11:06:16.272Z - [WATCHER]: Processing file changes in outputs
[NX v20.8.2 Daemon Server] - 2025-10-22T11:06:17.531Z - [REQUEST]: Responding to the client. recordOutputsHash
[NX v20.8.2 Daemon Server] - 2025-10-22T11:06:17.531Z - Done responding to the client recordOutputsHash
[NX v20.8.2 Daemon Server] - 2025-10-22T11:06:17.531Z - Handled RECORD_OUTPUTS_HASH. Handling time: 12. Response time: 0.
[NX v20.8.2 Daemon Server] - 2025-10-22T11:06:17.543Z - [REQUEST]: Responding to the client. handleRecordTaskRuns
[NX v20.8.2 Daemon Server] - 2025-10-22T11:06:17.544Z - Done responding to the client handleRecordTaskRuns
[NX v20.8.2 Daemon Server] - 2025-10-22T11:06:17.544Z - Handled RECORD_TASK_RUNS. Handling time: 3. Response time: 1.
[NX v20.8.2 Daemon Server] - 2025-10-22T11:06:17.545Z - [REQUEST]: Responding to the client. handleGetFlakyTasks
[NX v20.8.2 Daemon Server] - 2025-10-22T11:06:17.545Z - Done responding to the client handleGetFlakyTasks
[NX v20.8.2 Daemon Server] - 2025-10-22T11:06:17.545Z - Handled GET_FLAKY_TASKS. Handling time: 0. Response time: 0.
[NX v20.8.2 Daemon Server] - 2025-10-22T11:06:17.549Z - [REQUEST]: Responding to the client. handleRunPostTasksExecution
[NX v20.8.2 Daemon Server] - 2025-10-22T11:06:17.549Z - Done responding to the client handleRunPostTasksExecution
[NX v20.8.2 Daemon Server] - 2025-10-22T11:06:17.549Z - Handled POST_TASKS_EXECUTION. Handling time: 1. Response time: 0.
[NX v20.8.2 Daemon Server] - 2025-10-22T11:06:17.549Z - Time taken for 'postTasksExecution' 0.22808400000212714ms
[NX v20.8.2 Daemon Server] - 2025-10-22T11:06:17.560Z - Closed a connection. Number of open connections: 0
[NX v20.8.2 Daemon Server] - 2025-10-22T11:06:27.902Z - [WATCHER]: packages/cli/src/deposit.ts was modified
[NX v20.8.2 Daemon Server] - 2025-10-22T11:06:27.902Z - [WATCHER]: Processing file changes in outputs
[NX v20.8.2 Daemon Server] - 2025-10-22T11:06:28.003Z - [REQUEST]: Updated workspace context based on watched changes, recomputing project graph...
[NX v20.8.2 Daemon Server] - 2025-10-22T11:06:28.003Z - [REQUEST]: packages/cli/src/deposit.ts
[NX v20.8.2 Daemon Server] - 2025-10-22T11:06:28.003Z - [REQUEST]: 
[NX v20.8.2 Daemon Server] - 2025-10-22T11:06:28.033Z - [SYNC]: collect registered sync generators
[NX v20.8.2 Daemon Server] - 2025-10-22T11:06:28.033Z - [SYNC]: project graph hash is the same, not collecting task sync generators
[NX v20.8.2 Daemon Server] - 2025-10-22T11:06:28.033Z - [SYNC]: nx.json hash is the same, not collecting global sync generators
[NX v20.8.2 Daemon Server] - 2025-10-22T11:06:28.033Z - Time taken for 'hash changed files from watcher' 0.21454199999425327ms
[NX v20.8.2 Daemon Server] - 2025-10-22T11:06:49.448Z - [WATCHER]: 0 file(s) created or restored, 2 file(s) modified, 0 file(s) deleted
[NX v20.8.2 Daemon Server] - 2025-10-22T11:06:49.448Z - [WATCHER]: Processing file changes in outputs
[NX v20.8.2 Daemon Server] - 2025-10-22T11:06:49.657Z - [REQUEST]: Updated workspace context based on watched changes, recomputing project graph...
[NX v20.8.2 Daemon Server] - 2025-10-22T11:06:49.657Z - [REQUEST]: package.json,packages/cli/src/deposit.ts
[NX v20.8.2 Daemon Server] - 2025-10-22T11:06:49.657Z - [REQUEST]: 
[NX v20.8.2 Daemon Server] - 2025-10-22T11:06:49.859Z - [SYNC]: collect registered sync generators
[NX v20.8.2 Daemon Server] - 2025-10-22T11:06:49.860Z - [SYNC]: project graph hash is the same, not collecting task sync generators
[NX v20.8.2 Daemon Server] - 2025-10-22T11:06:49.860Z - [SYNC]: nx.json hash is the same, not collecting global sync generators
[NX v20.8.2 Daemon Server] - 2025-10-22T11:06:49.876Z - Time taken for 'hash changed files from watcher' 1.6685409999990952ms
[NX v20.8.2 Daemon Server] - 2025-10-22T11:07:08.061Z - [WATCHER]: Processing file changes in outputs
[NX v20.8.2 Daemon Server] - 2025-10-22T11:07:45.349Z - Established a connection. Number of open connections: 1
[NX v20.8.2 Daemon Server] - 2025-10-22T11:07:45.350Z - Closed a connection. Number of open connections: 0
[NX v20.8.2 Daemon Server] - 2025-10-22T11:07:45.350Z - Established a connection. Number of open connections: 1
[NX v20.8.2 Daemon Server] - 2025-10-22T11:07:45.352Z - [REQUEST]: Client Request for Project Graph Received
[NX v20.8.2 Daemon Server] - 2025-10-22T11:07:45.353Z - [REQUEST]: Responding to the client. project-graph
[NX v20.8.2 Daemon Server] - 2025-10-22T11:07:45.354Z - Time taken for 'total for creating and serializing project graph' 0.3821250000037253ms
[NX v20.8.2 Daemon Server] - 2025-10-22T11:07:45.355Z - Done responding to the client project-graph
[NX v20.8.2 Daemon Server] - 2025-10-22T11:07:45.356Z - Handled REQUEST_PROJECT_GRAPH. Handling time: 1. Response time: 3.
[NX v20.8.2 Daemon Server] - 2025-10-22T11:07:45.362Z - [REQUEST]: Responding to the client. handleContextFileData
[NX v20.8.2 Daemon Server] - 2025-10-22T11:07:45.362Z - Done responding to the client handleContextFileData
[NX v20.8.2 Daemon Server] - 2025-10-22T11:07:45.362Z - Handled GET_CONTEXT_FILE_DATA. Handling time: 1. Response time: 0.
[NX v20.8.2 Daemon Server] - 2025-10-22T11:07:45.445Z - [REQUEST]: Client Request for Project Graph Received
[NX v20.8.2 Daemon Server] - 2025-10-22T11:07:45.446Z - [REQUEST]: Responding to the client. project-graph
[NX v20.8.2 Daemon Server] - 2025-10-22T11:07:45.449Z - Time taken for 'total for creating and serializing project graph' 0.4375839999993332ms
[NX v20.8.2 Daemon Server] - 2025-10-22T11:07:45.450Z - Done responding to the client project-graph
[NX v20.8.2 Daemon Server] - 2025-10-22T11:07:45.450Z - Handled REQUEST_PROJECT_GRAPH. Handling time: 1. Response time: 4.
[NX v20.8.2 Daemon Server] - 2025-10-22T11:07:45.455Z - [REQUEST]: Responding to the client. handleRunPreTasksExecution
[NX v20.8.2 Daemon Server] - 2025-10-22T11:07:45.455Z - Done responding to the client handleRunPreTasksExecution
[NX v20.8.2 Daemon Server] - 2025-10-22T11:07:45.455Z - Handled PRE_TASKS_EXECUTION. Handling time: 1. Response time: 0.
[NX v20.8.2 Daemon Server] - 2025-10-22T11:07:45.455Z - Time taken for 'preTasksExecution' 0.2701660000020638ms
[NX v20.8.2 Daemon Server] - 2025-10-22T11:07:45.495Z - [REQUEST]: Responding to the client. handleHashTasks
[NX v20.8.2 Daemon Server] - 2025-10-22T11:07:45.496Z - Done responding to the client handleHashTasks
[NX v20.8.2 Daemon Server] - 2025-10-22T11:07:45.496Z - Handled HASH_TASKS. Handling time: 16. Response time: 1.
[NX v20.8.2 Daemon Server] - 2025-10-22T11:07:45.524Z - [REQUEST]: Responding to the client. handleGetEstimatedTaskTimings
[NX v20.8.2 Daemon Server] - 2025-10-22T11:07:45.525Z - Done responding to the client handleGetEstimatedTaskTimings
[NX v20.8.2 Daemon Server] - 2025-10-22T11:07:45.525Z - Handled GET_ESTIMATED_TASK_TIMINGS. Handling time: 0. Response time: 1.
[NX v20.8.2 Daemon Server] - 2025-10-22T11:07:45.530Z - [REQUEST]: Responding to the client. outputsHashesMatch
[NX v20.8.2 Daemon Server] - 2025-10-22T11:07:45.530Z - Done responding to the client outputsHashesMatch
[NX v20.8.2 Daemon Server] - 2025-10-22T11:07:45.530Z - Handled OUTPUTS_HASHES_MATCH. Handling time: 3. Response time: 0.
[NX v20.8.2 Daemon Server] - 2025-10-22T11:07:45.534Z - [REQUEST]: Responding to the client. recordOutputsHash
[NX v20.8.2 Daemon Server] - 2025-10-22T11:07:45.534Z - Done responding to the client recordOutputsHash
[NX v20.8.2 Daemon Server] - 2025-10-22T11:07:45.534Z - Handled RECORD_OUTPUTS_HASH. Handling time: 3. Response time: 0.
[NX v20.8.2 Daemon Server] - 2025-10-22T11:07:45.541Z - [REQUEST]: Responding to the client. outputsHashesMatch
[NX v20.8.2 Daemon Server] - 2025-10-22T11:07:45.541Z - Done responding to the client outputsHashesMatch
[NX v20.8.2 Daemon Server] - 2025-10-22T11:07:45.541Z - Handled OUTPUTS_HASHES_MATCH. Handling time: 4. Response time: 0.
[NX v20.8.2 Daemon Server] - 2025-10-22T11:07:45.545Z - [REQUEST]: Responding to the client. recordOutputsHash
[NX v20.8.2 Daemon Server] - 2025-10-22T11:07:45.545Z - Done responding to the client recordOutputsHash
[NX v20.8.2 Daemon Server] - 2025-10-22T11:07:45.545Z - Handled RECORD_OUTPUTS_HASH. Handling time: 3. Response time: 0.
[NX v20.8.2 Daemon Server] - 2025-10-22T11:07:45.550Z - [REQUEST]: Responding to the client. outputsHashesMatch
[NX v20.8.2 Daemon Server] - 2025-10-22T11:07:45.550Z - Done responding to the client outputsHashesMatch
[NX v20.8.2 Daemon Server] - 2025-10-22T11:07:45.550Z - Handled OUTPUTS_HASHES_MATCH. Handling time: 3. Response time: 0.
[NX v20.8.2 Daemon Server] - 2025-10-22T11:07:45.552Z - [REQUEST]: Responding to the client. recordOutputsHash
[NX v20.8.2 Daemon Server] - 2025-10-22T11:07:45.552Z - Done responding to the client recordOutputsHash
[NX v20.8.2 Daemon Server] - 2025-10-22T11:07:45.552Z - Handled RECORD_OUTPUTS_HASH. Handling time: 2. Response time: 0.
[NX v20.8.2 Daemon Server] - 2025-10-22T11:07:45.557Z - [REQUEST]: Responding to the client. outputsHashesMatch
[NX v20.8.2 Daemon Server] - 2025-10-22T11:07:45.557Z - Done responding to the client outputsHashesMatch
[NX v20.8.2 Daemon Server] - 2025-10-22T11:07:45.557Z - Handled OUTPUTS_HASHES_MATCH. Handling time: 3. Response time: 0.
[NX v20.8.2 Daemon Server] - 2025-10-22T11:07:45.560Z - [REQUEST]: Responding to the client. recordOutputsHash
[NX v20.8.2 Daemon Server] - 2025-10-22T11:07:45.560Z - Done responding to the client recordOutputsHash
[NX v20.8.2 Daemon Server] - 2025-10-22T11:07:45.561Z - Handled RECORD_OUTPUTS_HASH. Handling time: 3. Response time: 1.
[NX v20.8.2 Daemon Server] - 2025-10-22T11:07:45.566Z - [REQUEST]: Responding to the client. outputsHashesMatch
[NX v20.8.2 Daemon Server] - 2025-10-22T11:07:45.566Z - Done responding to the client outputsHashesMatch
[NX v20.8.2 Daemon Server] - 2025-10-22T11:07:45.566Z - Handled OUTPUTS_HASHES_MATCH. Handling time: 3. Response time: 0.
[NX v20.8.2 Daemon Server] - 2025-10-22T11:07:45.569Z - [REQUEST]: Responding to the client. recordOutputsHash
[NX v20.8.2 Daemon Server] - 2025-10-22T11:07:45.569Z - Done responding to the client recordOutputsHash
[NX v20.8.2 Daemon Server] - 2025-10-22T11:07:45.569Z - Handled RECORD_OUTPUTS_HASH. Handling time: 3. Response time: 0.
[NX v20.8.2 Daemon Server] - 2025-10-22T11:07:49.810Z - [REQUEST]: Responding to the client. recordOutputsHash
[NX v20.8.2 Daemon Server] - 2025-10-22T11:07:49.810Z - Done responding to the client recordOutputsHash
[NX v20.8.2 Daemon Server] - 2025-10-22T11:07:49.810Z - Handled RECORD_OUTPUTS_HASH. Handling time: 5. Response time: 1.
[NX v20.8.2 Daemon Server] - 2025-10-22T11:07:49.812Z - [REQUEST]: Responding to the client. handleRecordTaskRuns
[NX v20.8.2 Daemon Server] - 2025-10-22T11:07:49.812Z - Done responding to the client handleRecordTaskRuns
[NX v20.8.2 Daemon Server] - 2025-10-22T11:07:49.812Z - Handled RECORD_TASK_RUNS. Handling time: 0. Response time: 0.
[NX v20.8.2 Daemon Server] - 2025-10-22T11:07:49.812Z - [REQUEST]: Responding to the client. handleGetFlakyTasks
[NX v20.8.2 Daemon Server] - 2025-10-22T11:07:49.812Z - Done responding to the client handleGetFlakyTasks
[NX v20.8.2 Daemon Server] - 2025-10-22T11:07:49.812Z - Handled GET_FLAKY_TASKS. Handling time: 0. Response time: 0.
[NX v20.8.2 Daemon Server] - 2025-10-22T11:07:49.815Z - [REQUEST]: Responding to the client. handleRunPostTasksExecution
[NX v20.8.2 Daemon Server] - 2025-10-22T11:07:49.815Z - Done responding to the client handleRunPostTasksExecution
[NX v20.8.2 Daemon Server] - 2025-10-22T11:07:49.815Z - Handled POST_TASKS_EXECUTION. Handling time: 0. Response time: 0.
[NX v20.8.2 Daemon Server] - 2025-10-22T11:07:49.815Z - Time taken for 'postTasksExecution' 0.0629999999946449ms
[NX v20.8.2 Daemon Server] - 2025-10-22T11:07:49.820Z - Closed a connection. Number of open connections: 0
[NX v20.8.2 Daemon Server] - 2025-10-22T11:08:29.007Z - [WATCHER]: playground/package.json was modified
[NX v20.8.2 Daemon Server] - 2025-10-22T11:08:29.007Z - [WATCHER]: Processing file changes in outputs
[NX v20.8.2 Daemon Server] - 2025-10-22T11:08:29.109Z - [REQUEST]: Updated workspace context based on watched changes, recomputing project graph...
[NX v20.8.2 Daemon Server] - 2025-10-22T11:08:29.109Z - [REQUEST]: playground/package.json
[NX v20.8.2 Daemon Server] - 2025-10-22T11:08:29.109Z - [REQUEST]: 
[NX v20.8.2 Daemon Server] - 2025-10-22T11:08:29.147Z - [SYNC]: collect registered sync generators
[NX v20.8.2 Daemon Server] - 2025-10-22T11:08:29.148Z - [SYNC]: project graph hash is the same, not collecting task sync generators
[NX v20.8.2 Daemon Server] - 2025-10-22T11:08:29.148Z - [SYNC]: nx.json hash is the same, not collecting global sync generators
[NX v20.8.2 Daemon Server] - 2025-10-22T11:08:29.151Z - Time taken for 'hash changed files from watcher' 0.2970000000204891ms
[NX v20.8.2 Daemon Server] - 2025-10-22T11:08:32.766Z - [WATCHER]: playground/package.json was modified
[NX v20.8.2 Daemon Server] - 2025-10-22T11:08:32.766Z - [WATCHER]: Processing file changes in outputs
[NX v20.8.2 Daemon Server] - 2025-10-22T11:08:32.966Z - [REQUEST]: Updated workspace context based on watched changes, recomputing project graph...
[NX v20.8.2 Daemon Server] - 2025-10-22T11:08:32.967Z - [REQUEST]: playground/package.json
[NX v20.8.2 Daemon Server] - 2025-10-22T11:08:32.967Z - [REQUEST]: 
[NX v20.8.2 Daemon Server] - 2025-10-22T11:08:32.993Z - [SYNC]: collect registered sync generators
[NX v20.8.2 Daemon Server] - 2025-10-22T11:08:32.993Z - [SYNC]: project graph hash is the same, not collecting task sync generators
[NX v20.8.2 Daemon Server] - 2025-10-22T11:08:32.993Z - [SYNC]: nx.json hash is the same, not collecting global sync generators
[NX v20.8.2 Daemon Server] - 2025-10-22T11:08:32.993Z - Time taken for 'hash changed files from watcher' 0.2373749999969732ms
[NX v20.8.2 Daemon Server] - 2025-10-22T11:08:38.810Z - [WATCHER]: Processing file changes in outputs
[NX v20.8.2 Daemon Server] - 2025-10-22T11:08:38.811Z - [WATCHER]: playground/vite.config.ts was modified
[NX v20.8.2 Daemon Server] - 2025-10-22T11:08:39.212Z - [REQUEST]: Updated workspace context based on watched changes, recomputing project graph...
[NX v20.8.2 Daemon Server] - 2025-10-22T11:08:39.212Z - [REQUEST]: playground/vite.config.ts
[NX v20.8.2 Daemon Server] - 2025-10-22T11:08:39.212Z - [REQUEST]: 
[NX v20.8.2 Daemon Server] - 2025-10-22T11:08:39.310Z - [SYNC]: collect registered sync generators
[NX v20.8.2 Daemon Server] - 2025-10-22T11:08:39.310Z - [SYNC]: project graph hash is the same, not collecting task sync generators
[NX v20.8.2 Daemon Server] - 2025-10-22T11:08:39.310Z - [SYNC]: nx.json hash is the same, not collecting global sync generators
[NX v20.8.2 Daemon Server] - 2025-10-22T11:08:39.311Z - Time taken for 'hash changed files from watcher' 0.23708400002215058ms
[NX v20.8.2 Daemon Server] - 2025-10-22T11:09:04.287Z - [WATCHER]: Processing file changes in outputs
[NX v20.8.2 Daemon Server] - 2025-10-22T11:09:04.288Z - [WATCHER]: Stopping the watcher for /Users/antonmazhuto/Documents/Work/cere-network/cere-ddc-sdk-js (sources)
[NX v20.8.2 Daemon Server] - 2025-10-22T11:09:04.288Z - [WATCHER]: Stopping the watcher for /Users/antonmazhuto/Documents/Work/cere-network/cere-ddc-sdk-js (outputs)
[NX v20.8.2 Daemon Server] - 2025-10-22T11:09:04.290Z - Server stopped because: "LOCK_FILES_CHANGED"
[NX v20.8.2 Daemon Server] - 2025-10-22T11:09:25.152Z - Started listening on: /private/var/folders/_n/gnnllg2n3qn46ptfbf7_0lrr0000gn/T/833631dd753f480f2750/d.sock
[NX v20.8.2 Daemon Server] - 2025-10-22T11:09:25.154Z - [WATCHER]: Subscribed to changes within: /Users/antonmazhuto/Documents/Work/cere-network/cere-ddc-sdk-js (native)
[NX v20.8.2 Daemon Server] - 2025-10-22T11:09:25.159Z - Established a connection. Number of open connections: 1
[NX v20.8.2 Daemon Server] - 2025-10-22T11:09:25.159Z - Established a connection. Number of open connections: 2
[NX v20.8.2 Daemon Server] - 2025-10-22T11:09:25.160Z - Closed a connection. Number of open connections: 1
[NX v20.8.2 Daemon Server] - 2025-10-22T11:09:25.161Z - [REQUEST]: Client Request for Project Graph Received
[NX v20.8.2 Daemon Server] - 2025-10-22T11:09:25.172Z - [REQUEST]: Updated workspace context based on watched changes, recomputing project graph...
[NX v20.8.2 Daemon Server] - 2025-10-22T11:09:25.172Z - [REQUEST]: 
[NX v20.8.2 Daemon Server] - 2025-10-22T11:09:25.172Z - [REQUEST]: 
[NX v20.8.2 Daemon Server] - 2025-10-22T11:09:25.244Z - [SYNC]: collect registered sync generators
[NX v20.8.2 Daemon Server] - 2025-10-22T11:09:25.245Z - [REQUEST]: Responding to the client. project-graph
[NX v20.8.2 Daemon Server] - 2025-10-22T11:09:25.246Z - Time taken for 'total for creating and serializing project graph' 84.20075ms
[NX v20.8.2 Daemon Server] - 2025-10-22T11:09:25.249Z - Done responding to the client project-graph
[NX v20.8.2 Daemon Server] - 2025-10-22T11:09:25.249Z - Handled REQUEST_PROJECT_GRAPH. Handling time: 84. Response time: 4.
[NX v20.8.2 Daemon Server] - 2025-10-22T11:09:25.256Z - [REQUEST]: Responding to the client. handleContextFileData
[NX v20.8.2 Daemon Server] - 2025-10-22T11:09:25.257Z - Done responding to the client handleContextFileData
[NX v20.8.2 Daemon Server] - 2025-10-22T11:09:25.257Z - Handled GET_CONTEXT_FILE_DATA. Handling time: 0. Response time: 1.
[NX v20.8.2 Daemon Server] - 2025-10-22T11:09:25.332Z - [REQUEST]: Client Request for Project Graph Received
[NX v20.8.2 Daemon Server] - 2025-10-22T11:09:25.332Z - [REQUEST]: Responding to the client. project-graph
[NX v20.8.2 Daemon Server] - 2025-10-22T11:09:25.333Z - Time taken for 'total for creating and serializing project graph' 0.21487500000000637ms
[NX v20.8.2 Daemon Server] - 2025-10-22T11:09:25.335Z - Done responding to the client project-graph
[NX v20.8.2 Daemon Server] - 2025-10-22T11:09:25.335Z - Handled REQUEST_PROJECT_GRAPH. Handling time: 0. Response time: 3.
[NX v20.8.2 Daemon Server] - 2025-10-22T11:09:25.339Z - [REQUEST]: Responding to the client. handleRunPreTasksExecution
[NX v20.8.2 Daemon Server] - 2025-10-22T11:09:25.339Z - Done responding to the client handleRunPreTasksExecution
[NX v20.8.2 Daemon Server] - 2025-10-22T11:09:25.340Z - Handled PRE_TASKS_EXECUTION. Handling time: 0. Response time: 1.
[NX v20.8.2 Daemon Server] - 2025-10-22T11:09:25.340Z - Time taken for 'preTasksExecution' 0.24349999999998317ms
[NX v20.8.2 Daemon Server] - 2025-10-22T11:09:25.384Z - [REQUEST]: Responding to the client. handleHashTasks
[NX v20.8.2 Daemon Server] - 2025-10-22T11:09:25.385Z - Done responding to the client handleHashTasks
[NX v20.8.2 Daemon Server] - 2025-10-22T11:09:25.385Z - Handled HASH_TASKS. Handling time: 14. Response time: 1.
[NX v20.8.2 Daemon Server] - 2025-10-22T11:09:25.437Z - [REQUEST]: Responding to the client. handleGetEstimatedTaskTimings
[NX v20.8.2 Daemon Server] - 2025-10-22T11:09:25.437Z - Done responding to the client handleGetEstimatedTaskTimings
[NX v20.8.2 Daemon Server] - 2025-10-22T11:09:25.437Z - Handled GET_ESTIMATED_TASK_TIMINGS. Handling time: 19. Response time: 0.
[NX v20.8.2 Daemon Server] - 2025-10-22T11:09:25.445Z - [REQUEST]: Responding to the client. outputsHashesMatch
[NX v20.8.2 Daemon Server] - 2025-10-22T11:09:25.445Z - Done responding to the client outputsHashesMatch
[NX v20.8.2 Daemon Server] - 2025-10-22T11:09:25.445Z - Handled OUTPUTS_HASHES_MATCH. Handling time: 4. Response time: 0.
[NX v20.8.2 Daemon Server] - 2025-10-22T11:09:25.456Z - [REQUEST]: Responding to the client. recordOutputsHash
[NX v20.8.2 Daemon Server] - 2025-10-22T11:09:25.456Z - Done responding to the client recordOutputsHash
[NX v20.8.2 Daemon Server] - 2025-10-22T11:09:25.456Z - Handled RECORD_OUTPUTS_HASH. Handling time: 3. Response time: 0.
[NX v20.8.2 Daemon Server] - 2025-10-22T11:09:25.462Z - [REQUEST]: Responding to the client. outputsHashesMatch
[NX v20.8.2 Daemon Server] - 2025-10-22T11:09:25.462Z - Done responding to the client outputsHashesMatch
[NX v20.8.2 Daemon Server] - 2025-10-22T11:09:25.462Z - Handled OUTPUTS_HASHES_MATCH. Handling time: 4. Response time: 0.
[NX v20.8.2 Daemon Server] - 2025-10-22T11:09:25.508Z - [REQUEST]: Responding to the client. recordOutputsHash
[NX v20.8.2 Daemon Server] - 2025-10-22T11:09:25.508Z - Done responding to the client recordOutputsHash
[NX v20.8.2 Daemon Server] - 2025-10-22T11:09:25.509Z - Handled RECORD_OUTPUTS_HASH. Handling time: 5. Response time: 1.
[NX v20.8.2 Daemon Server] - 2025-10-22T11:09:25.509Z - [WATCHER]: Processing file changes in outputs
[NX v20.8.2 Daemon Server] - 2025-10-22T11:09:25.513Z - [REQUEST]: Responding to the client. outputsHashesMatch
[NX v20.8.2 Daemon Server] - 2025-10-22T11:09:25.513Z - Done responding to the client outputsHashesMatch
[NX v20.8.2 Daemon Server] - 2025-10-22T11:09:25.513Z - Handled OUTPUTS_HASHES_MATCH. Handling time: 3. Response time: 0.
[NX v20.8.2 Daemon Server] - 2025-10-22T11:09:25.520Z - [REQUEST]: Responding to the client. recordOutputsHash
[NX v20.8.2 Daemon Server] - 2025-10-22T11:09:25.520Z - Done responding to the client recordOutputsHash
[NX v20.8.2 Daemon Server] - 2025-10-22T11:09:25.520Z - Handled RECORD_OUTPUTS_HASH. Handling time: 1. Response time: 0.
[NX v20.8.2 Daemon Server] - 2025-10-22T11:09:25.524Z - [REQUEST]: Responding to the client. outputsHashesMatch
[NX v20.8.2 Daemon Server] - 2025-10-22T11:09:25.524Z - Done responding to the client outputsHashesMatch
[NX v20.8.2 Daemon Server] - 2025-10-22T11:09:25.524Z - Handled OUTPUTS_HASHES_MATCH. Handling time: 2. Response time: 0.
[NX v20.8.2 Daemon Server] - 2025-10-22T11:09:25.529Z - [REQUEST]: Responding to the client. recordOutputsHash
[NX v20.8.2 Daemon Server] - 2025-10-22T11:09:25.529Z - Done responding to the client recordOutputsHash
[NX v20.8.2 Daemon Server] - 2025-10-22T11:09:25.529Z - Handled RECORD_OUTPUTS_HASH. Handling time: 2. Response time: 0.
[NX v20.8.2 Daemon Server] - 2025-10-22T11:09:25.535Z - [REQUEST]: Responding to the client. outputsHashesMatch
[NX v20.8.2 Daemon Server] - 2025-10-22T11:09:25.535Z - Done responding to the client outputsHashesMatch
[NX v20.8.2 Daemon Server] - 2025-10-22T11:09:25.535Z - Handled OUTPUTS_HASHES_MATCH. Handling time: 3. Response time: 1.
[NX v20.8.2 Daemon Server] - 2025-10-22T11:09:25.545Z - [REQUEST]: Responding to the client. recordOutputsHash
[NX v20.8.2 Daemon Server] - 2025-10-22T11:09:25.545Z - Done responding to the client recordOutputsHash
[NX v20.8.2 Daemon Server] - 2025-10-22T11:09:25.545Z - Handled RECORD_OUTPUTS_HASH. Handling time: 3. Response time: 0.
[NX v20.8.2 Daemon Server] - 2025-10-22T11:09:25.569Z - [WATCHER]: Processing file changes in outputs
[NX v20.8.2 Daemon Server] - 2025-10-22T11:09:33.748Z - [WATCHER]: Processing file changes in outputs
[NX v20.8.2 Daemon Server] - 2025-10-22T11:09:34.360Z - [WATCHER]: Processing file changes in outputs
[NX v20.8.2 Daemon Server] - 2025-10-22T11:09:34.455Z - [REQUEST]: Responding to the client. recordOutputsHash
[NX v20.8.2 Daemon Server] - 2025-10-22T11:09:34.455Z - Done responding to the client recordOutputsHash
[NX v20.8.2 Daemon Server] - 2025-10-22T11:09:34.455Z - Handled RECORD_OUTPUTS_HASH. Handling time: 4. Response time: 0.
[NX v20.8.2 Daemon Server] - 2025-10-22T11:09:34.459Z - [REQUEST]: Responding to the client. handleRecordTaskRuns
[NX v20.8.2 Daemon Server] - 2025-10-22T11:09:34.459Z - Done responding to the client handleRecordTaskRuns
[NX v20.8.2 Daemon Server] - 2025-10-22T11:09:34.459Z - Handled RECORD_TASK_RUNS. Handling time: 1. Response time: 0.
[NX v20.8.2 Daemon Server] - 2025-10-22T11:09:34.460Z - [REQUEST]: Responding to the client. handleGetFlakyTasks
[NX v20.8.2 Daemon Server] - 2025-10-22T11:09:34.460Z - Done responding to the client handleGetFlakyTasks
[NX v20.8.2 Daemon Server] - 2025-10-22T11:09:34.460Z - Handled GET_FLAKY_TASKS. Handling time: 0. Response time: 0.
[NX v20.8.2 Daemon Server] - 2025-10-22T11:09:34.463Z - [REQUEST]: Responding to the client. handleRunPostTasksExecution
[NX v20.8.2 Daemon Server] - 2025-10-22T11:09:34.463Z - Done responding to the client handleRunPostTasksExecution
[NX v20.8.2 Daemon Server] - 2025-10-22T11:09:34.463Z - Handled POST_TASKS_EXECUTION. Handling time: 0. Response time: 0.
[NX v20.8.2 Daemon Server] - 2025-10-22T11:09:34.463Z - Time taken for 'postTasksExecution' 0.07354200000008859ms
[NX v20.8.2 Daemon Server] - 2025-10-22T11:09:34.469Z - Closed a connection. Number of open connections: 0
[NX v20.8.2 Daemon Server] - 2025-10-22T11:09:34.510Z - [WATCHER]: Processing file changes in outputs
[NX v20.8.2 Daemon Server] - 2025-10-22T11:09:42.192Z - Established a connection. Number of open connections: 1
[NX v20.8.2 Daemon Server] - 2025-10-22T11:09:42.194Z - Closed a connection. Number of open connections: 0
[NX v20.8.2 Daemon Server] - 2025-10-22T11:09:42.194Z - Established a connection. Number of open connections: 1
[NX v20.8.2 Daemon Server] - 2025-10-22T11:09:42.196Z - [REQUEST]: Client Request for Project Graph Received
[NX v20.8.2 Daemon Server] - 2025-10-22T11:09:42.197Z - [REQUEST]: Responding to the client. project-graph
[NX v20.8.2 Daemon Server] - 2025-10-22T11:09:42.199Z - Time taken for 'total for creating and serializing project graph' 0.6122919999979786ms
[NX v20.8.2 Daemon Server] - 2025-10-22T11:09:42.201Z - Done responding to the client project-graph
[NX v20.8.2 Daemon Server] - 2025-10-22T11:09:42.201Z - Handled REQUEST_PROJECT_GRAPH. Handling time: 1. Response time: 4.
[NX v20.8.2 Daemon Server] - 2025-10-22T11:09:42.207Z - [REQUEST]: Responding to the client. handleContextFileData
[NX v20.8.2 Daemon Server] - 2025-10-22T11:09:42.207Z - Done responding to the client handleContextFileData
[NX v20.8.2 Daemon Server] - 2025-10-22T11:09:42.207Z - Handled GET_CONTEXT_FILE_DATA. Handling time: 1. Response time: 0.
[NX v20.8.2 Daemon Server] - 2025-10-22T11:09:42.288Z - [REQUEST]: Client Request for Project Graph Received
[NX v20.8.2 Daemon Server] - 2025-10-22T11:09:42.289Z - [REQUEST]: Responding to the client. project-graph
[NX v20.8.2 Daemon Server] - 2025-10-22T11:09:42.291Z - Time taken for 'total for creating and serializing project graph' 0.4228339999972377ms
[NX v20.8.2 Daemon Server] - 2025-10-22T11:09:42.293Z - Done responding to the client project-graph
[NX v20.8.2 Daemon Server] - 2025-10-22T11:09:42.293Z - Handled REQUEST_PROJECT_GRAPH. Handling time: 1. Response time: 4.
[NX v20.8.2 Daemon Server] - 2025-10-22T11:09:42.298Z - [REQUEST]: Responding to the client. handleRunPreTasksExecution
[NX v20.8.2 Daemon Server] - 2025-10-22T11:09:42.298Z - Done responding to the client handleRunPreTasksExecution
[NX v20.8.2 Daemon Server] - 2025-10-22T11:09:42.298Z - Handled PRE_TASKS_EXECUTION. Handling time: 0. Response time: 0.
[NX v20.8.2 Daemon Server] - 2025-10-22T11:09:42.298Z - Time taken for 'preTasksExecution' 0.21312500000203727ms
[NX v20.8.2 Daemon Server] - 2025-10-22T11:09:42.332Z - [REQUEST]: Responding to the client. handleHashTasks
[NX v20.8.2 Daemon Server] - 2025-10-22T11:09:42.333Z - Done responding to the client handleHashTasks
[NX v20.8.2 Daemon Server] - 2025-10-22T11:09:42.333Z - Handled HASH_TASKS. Handling time: 11. Response time: 1.
[NX v20.8.2 Daemon Server] - 2025-10-22T11:09:42.362Z - [REQUEST]: Responding to the client. handleGetEstimatedTaskTimings
[NX v20.8.2 Daemon Server] - 2025-10-22T11:09:42.362Z - Done responding to the client handleGetEstimatedTaskTimings
[NX v20.8.2 Daemon Server] - 2025-10-22T11:09:42.362Z - Handled GET_ESTIMATED_TASK_TIMINGS. Handling time: 1. Response time: 0.
[NX v20.8.2 Daemon Server] - 2025-10-22T11:09:42.378Z - [REQUEST]: Responding to the client. outputsHashesMatch
[NX v20.8.2 Daemon Server] - 2025-10-22T11:09:42.379Z - Done responding to the client outputsHashesMatch
[NX v20.8.2 Daemon Server] - 2025-10-22T11:09:42.379Z - Handled OUTPUTS_HASHES_MATCH. Handling time: 12. Response time: 1.
[NX v20.8.2 Daemon Server] - 2025-10-22T11:09:42.383Z - [REQUEST]: Responding to the client. recordOutputsHash
[NX v20.8.2 Daemon Server] - 2025-10-22T11:09:42.383Z - Done responding to the client recordOutputsHash
[NX v20.8.2 Daemon Server] - 2025-10-22T11:09:42.383Z - Handled RECORD_OUTPUTS_HASH. Handling time: 3. Response time: 0.
[NX v20.8.2 Daemon Server] - 2025-10-22T11:09:42.391Z - [REQUEST]: Responding to the client. outputsHashesMatch
[NX v20.8.2 Daemon Server] - 2025-10-22T11:09:42.391Z - Done responding to the client outputsHashesMatch
[NX v20.8.2 Daemon Server] - 2025-10-22T11:09:42.391Z - Handled OUTPUTS_HASHES_MATCH. Handling time: 5. Response time: 0.
[NX v20.8.2 Daemon Server] - 2025-10-22T11:09:42.394Z - [REQUEST]: Responding to the client. recordOutputsHash
[NX v20.8.2 Daemon Server] - 2025-10-22T11:09:42.394Z - Done responding to the client recordOutputsHash
[NX v20.8.2 Daemon Server] - 2025-10-22T11:09:42.394Z - Handled RECORD_OUTPUTS_HASH. Handling time: 2. Response time: 0.
[NX v20.8.2 Daemon Server] - 2025-10-22T11:09:42.399Z - [REQUEST]: Responding to the client. outputsHashesMatch
[NX v20.8.2 Daemon Server] - 2025-10-22T11:09:42.399Z - Done responding to the client outputsHashesMatch
[NX v20.8.2 Daemon Server] - 2025-10-22T11:09:42.399Z - Handled OUTPUTS_HASHES_MATCH. Handling time: 3. Response time: 0.
[NX v20.8.2 Daemon Server] - 2025-10-22T11:09:42.405Z - [REQUEST]: Responding to the client. recordOutputsHash
[NX v20.8.2 Daemon Server] - 2025-10-22T11:09:42.405Z - Done responding to the client recordOutputsHash
[NX v20.8.2 Daemon Server] - 2025-10-22T11:09:42.405Z - Handled RECORD_OUTPUTS_HASH. Handling time: 5. Response time: 0.
[NX v20.8.2 Daemon Server] - 2025-10-22T11:09:42.409Z - [REQUEST]: Responding to the client. outputsHashesMatch
[NX v20.8.2 Daemon Server] - 2025-10-22T11:09:42.410Z - Done responding to the client outputsHashesMatch
[NX v20.8.2 Daemon Server] - 2025-10-22T11:09:42.410Z - Handled OUTPUTS_HASHES_MATCH. Handling time: 3. Response time: 1.
[NX v20.8.2 Daemon Server] - 2025-10-22T11:09:42.414Z - [REQUEST]: Responding to the client. recordOutputsHash
[NX v20.8.2 Daemon Server] - 2025-10-22T11:09:42.414Z - Done responding to the client recordOutputsHash
[NX v20.8.2 Daemon Server] - 2025-10-22T11:09:42.414Z - Handled RECORD_OUTPUTS_HASH. Handling time: 3. Response time: 0.
[NX v20.8.2 Daemon Server] - 2025-10-22T11:09:42.421Z - [REQUEST]: Responding to the client. outputsHashesMatch
[NX v20.8.2 Daemon Server] - 2025-10-22T11:09:42.421Z - Done responding to the client outputsHashesMatch
[NX v20.8.2 Daemon Server] - 2025-10-22T11:09:42.421Z - Handled OUTPUTS_HASHES_MATCH. Handling time: 4. Response time: 0.
[NX v20.8.2 Daemon Server] - 2025-10-22T11:09:42.430Z - [REQUEST]: Responding to the client. outputsHashesMatch
[NX v20.8.2 Daemon Server] - 2025-10-22T11:09:42.430Z - Done responding to the client outputsHashesMatch
[NX v20.8.2 Daemon Server] - 2025-10-22T11:09:42.430Z - Handled OUTPUTS_HASHES_MATCH. Handling time: 8. Response time: 0.
[NX v20.8.2 Daemon Server] - 2025-10-22T11:09:42.434Z - [REQUEST]: Responding to the client. recordOutputsHash
[NX v20.8.2 Daemon Server] - 2025-10-22T11:09:42.434Z - Done responding to the client recordOutputsHash
[NX v20.8.2 Daemon Server] - 2025-10-22T11:09:42.434Z - Handled RECORD_OUTPUTS_HASH. Handling time: 2. Response time: 0.
[NX v20.8.2 Daemon Server] - 2025-10-22T11:09:42.439Z - [REQUEST]: Responding to the client. recordOutputsHash
[NX v20.8.2 Daemon Server] - 2025-10-22T11:09:42.439Z - Done responding to the client recordOutputsHash
[NX v20.8.2 Daemon Server] - 2025-10-22T11:09:42.439Z - Handled RECORD_OUTPUTS_HASH. Handling time: 4. Response time: 0.
[NX v20.8.2 Daemon Server] - 2025-10-22T11:09:42.442Z - [REQUEST]: Responding to the client. handleRecordTaskRuns
[NX v20.8.2 Daemon Server] - 2025-10-22T11:09:42.442Z - Done responding to the client handleRecordTaskRuns
[NX v20.8.2 Daemon Server] - 2025-10-22T11:09:42.442Z - Handled RECORD_TASK_RUNS. Handling time: 1. Response time: 0.
[NX v20.8.2 Daemon Server] - 2025-10-22T11:09:42.443Z - [REQUEST]: Responding to the client. handleGetFlakyTasks
[NX v20.8.2 Daemon Server] - 2025-10-22T11:09:42.443Z - Done responding to the client handleGetFlakyTasks
[NX v20.8.2 Daemon Server] - 2025-10-22T11:09:42.443Z - Handled GET_FLAKY_TASKS. Handling time: 0. Response time: 0.
[NX v20.8.2 Daemon Server] - 2025-10-22T11:09:42.446Z - [REQUEST]: Responding to the client. handleRunPostTasksExecution
[NX v20.8.2 Daemon Server] - 2025-10-22T11:09:42.446Z - Done responding to the client handleRunPostTasksExecution
[NX v20.8.2 Daemon Server] - 2025-10-22T11:09:42.446Z - Handled POST_TASKS_EXECUTION. Handling time: 0. Response time: 0.
[NX v20.8.2 Daemon Server] - 2025-10-22T11:09:42.446Z - Time taken for 'postTasksExecution' 0.09604100000069593ms
[NX v20.8.2 Daemon Server] - 2025-10-22T11:09:42.452Z - Closed a connection. Number of open connections: 0
[NX v20.8.2 Daemon Server] - 2025-10-22T11:09:47.083Z - [WATCHER]: Processing file changes in outputs
[NX v20.8.2 Daemon Server] - 2025-10-22T11:09:47.084Z - [WATCHER]: 0 file(s) created or restored, 2 file(s) modified, 0 file(s) deleted
[NX v20.8.2 Daemon Server] - 2025-10-22T11:09:47.186Z - [REQUEST]: Updated workspace context based on watched changes, recomputing project graph...
[NX v20.8.2 Daemon Server] - 2025-10-22T11:09:47.186Z - [REQUEST]: playground/package.json,playground/vite.config.ts
[NX v20.8.2 Daemon Server] - 2025-10-22T11:09:47.186Z - [REQUEST]: 
[NX v20.8.2 Daemon Server] - 2025-10-22T11:09:47.219Z - [SYNC]: collect registered sync generators
[NX v20.8.2 Daemon Server] - 2025-10-22T11:09:47.220Z - [SYNC]: project graph hash is the same, not collecting task sync generators
[NX v20.8.2 Daemon Server] - 2025-10-22T11:09:47.220Z - [SYNC]: nx.json hash is the same, not collecting global sync generators
[NX v20.8.2 Daemon Server] - 2025-10-22T11:09:47.220Z - Time taken for 'hash changed files from watcher' 0.44191700000010314ms
[NX v20.8.2 Daemon Server] - 2025-10-22T11:12:04.070Z - [WATCHER]: playground/vite.config.ts was modified
[NX v20.8.2 Daemon Server] - 2025-10-22T11:12:04.070Z - [WATCHER]: Processing file changes in outputs
[NX v20.8.2 Daemon Server] - 2025-10-22T11:12:04.271Z - [REQUEST]: Updated workspace context based on watched changes, recomputing project graph...
[NX v20.8.2 Daemon Server] - 2025-10-22T11:12:04.271Z - [REQUEST]: playground/vite.config.ts
[NX v20.8.2 Daemon Server] - 2025-10-22T11:12:04.271Z - [REQUEST]: 
[NX v20.8.2 Daemon Server] - 2025-10-22T11:12:04.299Z - [SYNC]: collect registered sync generators
[NX v20.8.2 Daemon Server] - 2025-10-22T11:12:04.300Z - [SYNC]: project graph hash is the same, not collecting task sync generators
[NX v20.8.2 Daemon Server] - 2025-10-22T11:12:04.300Z - [SYNC]: nx.json hash is the same, not collecting global sync generators
[NX v20.8.2 Daemon Server] - 2025-10-22T11:12:04.300Z - Time taken for 'hash changed files from watcher' 0.26141700000152923ms
[NX v20.8.2 Daemon Server] - 2025-10-22T11:17:18.798Z - [WATCHER]: Processing file changes in outputs
[NX v20.8.2 Daemon Server] - 2025-10-22T11:18:55.780Z - [WATCHER]: playground/vite.config.ts was modified
[NX v20.8.2 Daemon Server] - 2025-10-22T11:18:55.781Z - [WATCHER]: Processing file changes in outputs
[NX v20.8.2 Daemon Server] - 2025-10-22T11:18:56.183Z - [REQUEST]: Updated workspace context based on watched changes, recomputing project graph...
[NX v20.8.2 Daemon Server] - 2025-10-22T11:18:56.184Z - [REQUEST]: playground/vite.config.ts
[NX v20.8.2 Daemon Server] - 2025-10-22T11:18:56.184Z - [REQUEST]: 
[NX v20.8.2 Daemon Server] - 2025-10-22T11:18:56.230Z - [SYNC]: collect registered sync generators
[NX v20.8.2 Daemon Server] - 2025-10-22T11:18:56.230Z - [SYNC]: project graph hash is the same, not collecting task sync generators
[NX v20.8.2 Daemon Server] - 2025-10-22T11:18:56.230Z - [SYNC]: nx.json hash is the same, not collecting global sync generators
[NX v20.8.2 Daemon Server] - 2025-10-22T11:18:56.233Z - Time taken for 'hash changed files from watcher' 0.7732499999692664ms
[NX v20.8.2 Daemon Server] - 2025-10-22T11:21:55.393Z - [WATCHER]: Processing file changes in outputs
[NX v20.8.2 Daemon Server] - 2025-10-22T11:21:55.397Z - [WATCHER]: Stopping the watcher for /Users/antonmazhuto/Documents/Work/cere-network/cere-ddc-sdk-js (sources)
[NX v20.8.2 Daemon Server] - 2025-10-22T11:21:55.397Z - [WATCHER]: Stopping the watcher for /Users/antonmazhuto/Documents/Work/cere-network/cere-ddc-sdk-js (outputs)
[NX v20.8.2 Daemon Server] - 2025-10-22T11:21:55.401Z - Server stopped because: "LOCK_FILES_CHANGED"
